Tanggal,Harga
1/4/2010,408000
1/5/2010,410000
1/6/2010,410000
1/7/2010,412000
1/8/2010,410000
1/11/2010,413000
1/12/2010,410000
1/13/2010,409000
1/14/2010,410000
1/15/2010,408000
1/18/2010,406000
1/19/2010,410000
1/20/2010,410000
1/21/2010,408000
1/22/2010,404000
1/25/2010,404000
1/26/2010,404000
1/27/2010,404000
1/28/2010,403000
1/29/2010,403000
2/1/2010,403000
2/2/2010,405000
2/3/2010,406000
2/4/2010,404000
2/5/2010,401000
2/8/2010,400000
2/9/2010,401000
2/10/2010,402000
2/11/2010,401000
2/12/2010,403000
2/15/2010,402000
2/16/2010,403000
2/17/2010,406000
2/18/2010,401000
2/19/2010,401000
2/22/2010,408000
2/23/2010,402000
2/24/2010,401000
2/25/2010,400000
3/1/2010,404000
3/2/2010,401000
3/3/2010,405000
3/4/2010,406000
3/5/2010,403000
3/8/2010,404000
3/9/2010,400000
3/10/2010,399000
3/11/2010,398000
3/12/2010,398000
3/15/2010,397000
3/17/2010,400000
3/18/2010,398000
3/22/2010,396000
3/23/2010,395000
3/24/2010,395000
3/25/2010,394000
3/26/2010,395000
3/29/2010,396000
3/30/2010,396000
3/31/2010,395000
4/1/2010,397000
4/5/2010,399000
4/6/2010,399000
4/6/2010,399000
4/7/2010,399000
4/8/2010,401000
4/9/2010,403000
4/12/2010,408000
4/13/2010,403000
4/14/2010,401000
4/15/2010,401000
4/16/2010,401000
4/19/2010,397000
4/20/2010,398000
4/21/2010,398000
4/22/2010,399000
4/23/2010,399000
4/26/2010,402000
4/27/2010,401000
4/28/2010,404000
4/29/2010,404000
4/30/2010,406000
5/3/2010,407000
5/4/2010,408000
5/5/2010,405000
5/6/2010,411000
5/7/2010,420000
5/7/2010,422000
5/7/2010,422000
5/10/2010,423000
5/10/2010,417000
5/11/2010,417000
5/12/2010,424000
5/14/2010,426000
5/17/2010,429000
5/18/2010,426000
5/19/2010,425000
5/20/2010,417000
5/21/2010,415000
5/24/2010,420000
5/25/2010,424000
5/26/2010,427000
5/27/2010,429000
5/31/2010,428000
6/1/2010,425000
6/2/2010,427000
6/3/2010,428000
6/3/2010,425000
6/4/2010,421000
6/7/2010,427000
6/8/2010,434000
6/9/2010,433000
6/10/2010,430000
6/11/2010,427000
6/14/2010,428000
6/15/2010,424000
6/16/2010,428000
6/17/2010,427000
6/18/2010,431000
6/21/2010,434000
6/22/2010,423000
6/23/2010,427000
6/24/2010,424000
6/25/2010,425000
6/28/2010,430000
6/29/2010,424000
6/30/2010,426000
7/1/2010,427000
7/2/2010,417000
7/2/2010,417000
7/5/2010,418000
7/6/2010,417000
7/7/2010,416000
7/8/2010,418000
7/9/2010,415000
7/12/2010,418000
7/13/2010,415000
7/14/2010,418000
7/15/2010,417000
7/16/2010,417000
7/19/2010,414000
7/20/2010,412000
7/21/2010,413000
7/22/2010,412000
7/23/2010,414000
7/26/2010,413000
7/27/2010,411000
7/28/2010,409000
7/29/2010,410000
7/30/2010,410000
8/2/2010,410000
8/3/2010,410000
8/4/2010,411000
8/5/2010,412000
8/6/2010,412000
8/9/2010,413000
8/10/2010,412000
8/11/2010,413000
8/12/2010,414000
8/13/2010,418000
8/16/2010,418000
8/18/2010,420000
8/19/2010,421000
8/20/2010,421000
8/23/2010,420000
8/24/2010,418000
8/25/2010,420000
8/26/2010,422000
8/27/2010,423000
8/30/2010,422000
8/31/2010,422000
9/1/2010,426000
9/2/2010,425000
9/3/2010,426000
9/6/2010,425000
9/7/2010,424000
9/8/2010,427000
9/14/2010,426000
9/15/2010,431000
9/16/2010,430000
9/17/2010,434000
9/20/2010,433000
9/21/2010,433000
9/22/2010,436000
9/23/2010,437000
9/24/2010,436000
9/27/2010,438000
9/28/2010,437000
9/29/2010,442000
9/30/2010,442000
10/1/2010,441000
10/4/2010,443000
10/5/2010,442000
10/6/2010,452000
10/7/2010,450000
10/7/2010,453000
10/8/2010,448000
10/11/2010,452000
10/12/2010,453000
10/13/2010,453000
10/14/2010,460000
10/15/2010,460000
10/18/2010,455000
10/19/2010,459000
10/20/2010,448000
10/21/2010,451000
10/22/2010,445000
10/25/2010,447000
10/26/2010,449000
10/27/2010,449000
10/28/2010,445000
10/29/2010,450000
11/1/2010,455000
11/2/2010,452000
11/4/2010,451000
11/5/2010,462000
11/8/2010,464000
11/9/2010,466000
11/10/2010,464000
11/11/2010,465000
11/12/2010,465000
11/15/2010,458000
11/16/2010,455000
11/18/2010,452000
11/19/2010,456000
11/22/2010,455000
11/23/2010,455000
11/24/2010,459000
11/25/2010,462000
11/26/2010,460000
11/29/2010,457000
11/30/2010,462000
12/1/2010,467000
12/1/2010,469000
12/1/2010,469000
12/2/2010,468000
12/3/2010,468000
12/6/2010,474000
12/8/2010,471000
12/9/2010,466000
12/10/2010,467000
12/13/2010,466000
12/14/2010,470000
12/15/2010,470000
12/16/2010,465000
12/17/2010,464000
12/20/2010,467000
12/21/2010,468000
12/22/2010,468000
12/23/2010,468000
12/27/2010,466000
12/28/2010,468000
12/29/2010,473000
12/30/2010,474000
12/31/2010,471000
1/3/2011,474000
1/4/2011,473000
1/5/2011,464000
1/6/2011,463000
1/7/2011,461000
1/10/2011,462000
1/11/2011,466000
1/12/2011,469000
1/13/2011,469000
1/14/2011,466000
1/17/2011,464000
1/18/2011,464000
1/19/2011,467000
1/20/2011,466000
1/21/2011,462000
1/24/2011,462000
1/25/2011,460000
1/26/2011,460000
1/27/2011,461000
1/28/2011,458000
1/31/2011,460000
1/31/2011,460000
2/1/2011,460000
2/2/2011,461000
2/4/2011,462000
2/7/2011,462000
2/8/2011,461000
2/9/2011,463000
2/10/2011,462000
2/11/2011,462000
2/14/2011,462000
2/16/2011,464000
2/17/2011,464000
2/18/2011,465000
2/18/2011,465000
2/21/2011,470000
2/22/2011,472000
2/23/2011,470000
2/24/2011,473000
2/25/2011,470000
2/28/2011,472000
3/1/2011,469000
3/2/2011,475000
3/3/2011,476000
3/4/2011,471000
3/7/2011,475000
3/8/2011,475000
3/9/2011,474000
3/10/2011,472000
3/10/2011,472000
3/11/2011,467000
3/14/2011,472000
3/15/2011,471000
3/16/2011,462000
3/16/2011,463000
3/17/2011,462000
3/18/2011,468000
3/21/2011,471000
3/22/2011,471000
3/23/2011,469000
3/24/2011,472000
3/25/2011,472000
3/28/2011,468000
3/29/2011,467000
3/30/2011,467000
3/31/2011,469000
4/1/2011,471000
4/4/2011,470000
4/5/2011,471000
4/6/2011,476000
4/7/2011,476000
4/8/2011,476000
4/11/2011,480000
4/12/2011,476000
4/13/2011,476000
4/14/2011,476000
4/15/2011,480000
4/18/2011,483000
4/19/2011,485000
4/20/2011,486000
4/21/2011,487000
4/25/2011,488000
4/25/2011,488000
4/26/2011,485000
4/27/2011,488000
4/28/2011,493000
4/29/2011,495000
5/2/2011,497000
5/3/2011,492000
5/4/2011,490000
5/5/2011,485000
5/6/2011,475000
5/9/2011,480000
5/10/2011,483000
5/11/2011,485000
5/12/2011,482000
5/13/2011,481000
5/16/2011,478000
5/18/2011,478000
5/19/2011,480000
5/20/2011,480000
5/23/2011,485000
5/24/2011,485000
5/25/2011,488000
5/26/2011,489000
5/27/2011,488000
5/30/2011,491000
5/30/2011,491000
5/31/2011,491000
6/1/2011,489000
6/6/2011,491000
6/7/2011,490000
6/8/2011,489000
6/9/2011,488000
6/10/2011,490000
6/13/2011,486000
6/14/2011,484000
6/15/2011,486000
6/16/2011,487000
6/17/2011,489000
6/20/2011,493000
6/21/2011,492000
6/22/2011,494000
6/23/2011,495000
6/24/2011,488000
6/27/2011,483000
6/28/2011,484000
6/30/2011,486000
7/1/2011,483000
7/4/2011,479000
7/5/2011,480000
7/6/2011,484000
7/7/2011,487000
7/8/2011,488000
7/11/2011,491000
7/12/2011,494000
7/13/2011,498000
7/14/2011,505000
7/15/2011,504000
7/18/2011,505000
7/19/2011,509000
7/20/2011,505000
7/21/2011,508000
7/22/2011,505000
7/25/2011,511000
7/26/2011,511000
7/27/2011,512000
7/28/2011,509000
7/29/2011,510000
8/1/2011,510000
8/2/2011,510000
8/3/2011,518000
8/4/2011,522000
8/5/2011,516000
8/5/2011,520000
8/8/2011,530000
8/8/2011,534000
8/9/2011,540000
8/9/2011,548000
8/9/2011,555000
8/10/2011,553000
8/11/2011,563000
8/12/2011,550000
8/15/2011,544000
8/15/2011,547000
8/16/2011,554000
8/18/2011,558000
8/18/2011,560000
8/19/2011,570000
8/19/2011,575000
8/22/2011,585000
8/23/2011,594000
8/24/2011,576000
8/25/2011,552000
8/26/2011,556000
8/30/2011,575000
9/5/2011,590000
9/5/2011,590000
9/7/2011,590000
9/8/2011,577000
9/9/2011,590000
9/12/2011,588000
9/13/2011,578000
9/13/2011,584000
9/14/2011,588000
9/14/2011,594000
9/15/2011,594000
9/16/2011,580000
9/19/2011,596000
9/20/2011,590000
9/21/2011,605000
9/22/2011,595000
9/23/2011,585000
9/26/2011,575000
9/27/2011,575000
9/28/2011,575000
9/29/2011,575000
9/30/2011,575000
10/3/2011,570000
10/4/2011,575000
10/5/2011,572000
10/6/2011,574000
10/7/2011,575000
10/10/2011,575000
10/11/2011,580000
10/12/2011,576000
10/13/2011,580000
10/14/2011,575000
10/17/2011,575000
10/18/2011,571000
10/19/2011,570000
10/20/2011,568000
10/21/2011,565000
10/24/2011,570000
10/25/2011,560000
10/26/2011,570000
10/27/2011,575000
10/28/2011,580000
10/31/2011,573000
11/1/2011,565000
11/2/2011,567000
11/3/2011,572000
11/4/2011,578000
11/7/2011,575000
11/8/2011,584000
11/9/2011,583000
11/10/2011,576000
11/11/2011,573500
11/11/2011,579500
11/14/2011,588000
11/15/2011,580000
11/16/2011,582000
11/17/2011,580000
11/18/2011,572000
11/21/2011,572000
11/22/2011,565000
11/23/2011,570000
11/24/2011,570000
11/25/2011,573000
11/28/2011,573000
11/29/2011,580000
11/30/2011,585000
12/1/2011,587000
12/2/2011,578000
12/5/2011,584000
12/6/2011,572000
12/7/2011,573000
12/8/2011,576000
12/9/2011,570000
12/12/2011,569000
12/13/2011,566000
12/14/2011,562000
12/15/2011,559000
12/16/2011,650000
12/16/2011,560000
12/19/2011,564000
12/20/2011,565000
12/21/2011,569000
12/22/2011,568000
12/23/2011,567000
12/27/2011,563000
12/28/2011,563000
12/29/2011,557000
12/30/2011,555000
1/2/2012,555000
1/3/2012,559000
1/4/2012,565000
1/5/2012,566000
1/6/2012,567000
1/9/2012,565000
1/10/2012,566000
1/11/2012,570000
1/12/2012,571000
1/13/2012,572000
1/16/2012,565000
1/17/2012,566000
1/18/2012,567000
1/19/2012,564000
1/20/2012,559000
1/24/2012,559000
1/25/2012,557000
1/26/2012,571000
1/27/2012,572000
1/30/2012,573000
1/31/2012,570000
2/1/2012,571000
2/2/2012,574000
2/3/2012,569000
2/3/2012,573000
2/6/2012,565000
2/7/2012,564000
2/8/2012,570000
2/9/2012,568000
2/10/2012,566000
2/13/2012,570000
2/14/2012,570000
2/15/2012,570000
2/16/2012,572000
2/17/2012,572000
2/20/2012,576000
2/21/2012,576000
2/22/2012,581000
2/23/2012,588000
2/24/2012,589000
2/27/2012,588000
2/28/2012,588000
2/29/2012,592000
3/1/2012,578000
3/2/2012,579000
3/5/2012,578000
3/6/2012,577000
3/7/2012,573000
3/8/2012,575000
3/9/2012,577000
3/12/2012,578000
3/13/2012,576000
3/14/2012,571000
3/15/2012,567000
3/16/2012,570000
3/19/2012,571000
3/20/2012,571500
3/21/2012,569000
3/22/2012,570000
3/26/2012,573000
3/27/2012,579000
3/28/2012,579000
3/29/2012,576000
3/30/2012,576000
4/2/2012,579000
4/3/2012,579000
4/4/2012,574000
4/5/2012,568000
4/9/2012,574000
4/10/2012,574000
4/11/2012,574000
4/12/2012,575000
4/13/2012,577000
4/16/2012,568000
4/17/2012,567000
4/18/2012,567000
4/19/2012,570000
4/23/2012,564500
4/24/2012,564500
4/25/2012,565000
4/26/2012,565000
4/27/2012,565500
4/30/2012,565000
5/1/2012,563000
5/2/2012,559000
5/3/2012,555000
5/4/2012,554000
5/4/2012,555000
5/7/2012,558000
5/8/2012,558000
5/9/2012,554000
5/10/2012,552000
5/10/2012,554000
5/10/2012,552000
5/11/2012,553000
5/14/2012,553000
5/14/2012,553000
5/15/2012,553000
5/16/2012,549500
5/21/2012,552500
5/21/2012,552500
5/22/2012,552500
5/23/2012,550500
5/24/2012,550500
5/25/2012,550500
5/25/2012,550500
5/28/2012,552000
5/29/2012,555000
5/30/2012,551000
5/31/2012,556000
6/1/2012,555000
6/4/2012,563000
6/5/2012,565000
6/6/2012,565000
6/7/2012,565000
6/8/2012,560000
6/11/2012,565000
6/12/2012,561000
6/13/2012,563000
6/14/2012,564000
6/15/2012,566000
6/18/2012,566000
6/19/2012,567000
6/20/2012,565000
6/21/2012,563000
6/22/2012,557000
6/25/2012,557000
6/26/2012,559000
6/27/2012,558000
6/28/2012,558000
6/29/2012,555000
7/2/2012,562000
7/3/2012,558000
7/4/2012,565000
7/5/2012,560000
7/6/2012,559000
7/9/2012,555000
7/10/2012,556000
7/11/2012,555000
7/12/2012,554000
7/13/2012,551000
7/13/2012,551000
7/16/2012,559000
7/17/2012,559000
7/18/2012,555000
7/19/2012,551000
7/20/2012,554000
7/23/2012,554000
7/24/2012,554000
7/25/2012,555000
7/26/2012,560000
7/27/2012,564000
7/30/2012,565000
7/31/2012,565000
8/1/2012,562000
8/2/2012,561000
8/3/2012,559000
8/6/2012,562000
8/7/2012,563000
8/8/2012,563000
8/9/2012,563000
8/10/2012,562000
8/13/2012,563000
8/14/2012,560000
8/15/2012,558000
8/16/2012,558000
8/23/2012,570000
8/24/2012,574000
8/27/2012,575500
8/28/2012,572000
8/29/2012,572500
8/30/2012,570000
8/31/2012,571000
9/3/2012,581000
9/4/2012,583000
9/5/2012,583000
9/6/2012,583000
9/7/2012,584000
9/10/2012,599000
9/11/2012,596000
9/12/2012,596000
9/13/2012,595200
9/14/2012,607200
9/17/2012,608200
9/18/2012,596200
9/19/2012,601200
9/20/2012,605200
9/21/2012,604200
9/24/2012,604200
9/25/2012,604200
9/26/2012,604200
9/27/2012,604200
9/28/2012,610200
10/1/2012,605200
10/2/2012,609200
10/3/2012,607200
10/4/2012,609200
10/5/2012,614200
10/8/2012,610200
10/9/2012,609200
10/10/2012,606200
10/11/2012,606200
10/12/2012,609200
10/15/2012,603200
10/16/2012,603200
10/17/2012,606200
10/18/2012,604200
10/19/2012,601200
10/22/2012,594200
10/22/2012,598200
10/23/2012,600200
10/24/2012,596200
10/25/2012,596200
10/29/2012,597200
10/30/2012,595200
10/31/2012,596200
11/1/2012,599200
11/2/2012,599200
11/5/2012,594200
11/6/2012,594200
11/7/2012,598200
11/7/2012,602200
11/8/2012,602200
11/9/2012,605200
11/12/2012,606200
11/13/2012,602000
11/13/2012,602200
11/14/2012,602200
11/19/2012,599200
11/20/2012,602200
11/21/2012,602200
11/22/2012,602200
11/23/2012,602200
11/26/2012,606200
11/27/2012,606200
11/28/2012,604200
11/29/2012,598200
11/30/2012,601200
12/3/2012,600200
12/4/2012,600200
12/5/2012,597200
12/6/2012,597200
12/7/2012,599200
12/10/2012,602200
12/11/2012,604200
12/12/2012,604200
12/13/2012,604200
12/14/2012,599200
12/17/2012,601200
12/18/2012,602200
12/19/2012,598200
12/20/2012,597200
12/21/2012,591200
12/26/2012,598200
12/27/2012,601200
12/28/2012,604200
1/2/2013,599200
1/3/2013,605200
1/4/2013,597200
1/7/2013,601200
1/8/2013,598200
1/9/2013,600200
1/10/2013,597200
1/11/2013,599200
1/14/2013,598200
1/15/2013,600200
1/16/2013,606200
1/17/2013,603200
1/18/2013,604200
1/21/2013,604200
1/22/2013,604200
1/23/2013,603200
1/25/2013,600200
1/28/2013,599200
1/29/2013,599200
1/30/2013,601200
1/31/2013,603200
2/1/2013,599200
2/4/2013,599200
2/5/2013,599200
2/5/2013,599200
2/6/2013,599200
2/7/2013,600200
2/8/2013,600200
2/11/2013,596200
2/12/2013,591200
2/13/2013,592200
2/14/2013,591200
2/15/2013,590200
2/18/2013,588200
2/19/2013,588200
2/20/2013,587200
2/21/2013,581200
2/22/2013,582200
2/25/2013,585200
2/26/2013,587200
2/27/2013,592200
2/28/2013,590200
3/1/2013,586200
3/4/2013,586200
3/5/2013,586200
3/6/2013,586200
3/7/2013,586200
3/8/2013,586200
3/11/2013,584200
3/13/2013,585200
3/14/2013,584000
3/15/2013,584000
3/18/2013,581000
3/19/2013,582000
3/20/2013,583000
3/21/2013,581000
3/22/2013,582000
3/25/2013,579000
3/26/2013,577000
3/27/2013,577000
3/28/2013,577000
4/1/2013,574000
4/2/2013,574000
4/3/2013,571000
4/4/2013,569000
4/5/2013,566000
4/8/2013,569000
4/9/2013,567000
4/10/2013,568000
4/11/2013,564000
4/12/2013,565000
4/15/2013,563000
4/16/2013,561000
4/17/2013,561000
4/18/2013,561000
4/19/2013,561000
4/22/2013,551000
4/23/2013,555000
4/24/2013,555000
4/25/2013,557000
4/26/2013,557000
4/29/2013,553000
4/30/2013,553000
5/1/2013,552000
5/2/2013,550000
5/3/2013,551000
5/6/2013,552000
5/7/2013,551000
5/8/2013,549000
5/10/2013,549000
5/13/2013,545000
5/14/2013,543000
5/15/2013,539000
5/16/2013,537000
5/17/2013,532000
5/20/2013,532000
5/21/2013,533000
5/22/2013,533000
5/23/2013,533000
5/24/2013,536000
5/27/2013,536000
5/28/2013,536000
5/29/2013,535000
5/30/2013,538000
5/31/2013,539000
6/3/2013,538000
6/4/2013,541000
6/5/2013,539000
6/7/2013,542000
6/10/2013,533000
6/11/2013,533000
6/12/2013,533000
6/13/2013,533000
6/14/2013,533000
6/17/2013,533000
6/18/2013,533000
6/19/2013,532000
6/20/2013,528000
6/21/2013,521000
6/24/2013,522000
6/25/2013,518000
6/26/2013,518000
6/27/2013,513000
6/28/2013,513000
7/1/2013,513000
7/2/2013,514000
7/3/2013,514000
7/4/2013,515000
7/5/2013,514000
7/8/2013,512000
7/9/2013,512000
7/10/2013,513000
7/11/2013,516000
7/12/2013,516000
7/15/2013,516000
7/16/2013,516000
7/17/2013,516000
7/18/2013,514000
7/19/2013,515000
7/22/2013,521000
7/23/2013,525000
7/24/2013,526000
7/25/2013,522000
7/26/2013,525000
7/29/2013,523000
7/30/2013,523000
7/31/2013,523000
8/1/2013,523000
8/2/2013,520000
8/12/2013,524000
8/13/2013,524000
8/14/2013,524000
8/15/2013,525000
8/16/2013,532000
8/19/2013,541000
8/20/2013,540000
8/21/2013,542000
8/22/2013,550000
8/23/2013,559000
8/26/2013,564000
8/27/2013,564000
8/28/2013,575000
8/28/2013,580000
8/29/2013,593000
8/30/2013,578000
9/2/2013,571000
9/3/2013,575000
9/4/2013,583000
9/5/2013,579000
9/6/2013,570000
9/9/2013,581000
9/10/2013,578000
9/11/2013,565000
9/12/2013,572000
9/13/2013,559000
9/16/2013,552000
9/17/2013,547000
9/18/2013,545000
9/19/2013,569000
9/20/2013,558000
9/23/2013,549000
9/24/2013,554000
9/25/2013,554000
9/26/2013,558000
9/27/2013,555000
9/30/2013,559000
10/1/2013,558000
10/2/2013,550000
10/3/2013,555000
10/4/2013,555000
10/7/2013,554000
10/8/2013,556000
10/9/2013,555000
10/10/2013,551000
10/11/2013,548000
10/16/2013,545000
10/17/2013,545000
10/18/2013,558000
10/21/2013,556000
10/22/2013,554000
10/23/2013,556000
10/24/2013,552000
10/25/2013,556000
10/28/2013,550000
10/29/2013,546000
10/30/2013,543000
10/30/2013,542000
10/31/2013,542000
11/1/2013,542000
11/4/2013,543000
11/6/2013,544000
11/7/2013,548000
11/8/2013,543000
11/11/2013,539000
11/12/2013,539000
11/13/2013,538000
11/14/2013,548000
11/15/2013,544000
11/18/2013,544000
11/19/2013,542000
11/20/2013,541000
11/21/2013,540000
11/22/2013,540000
11/25/2013,540000
11/26/2013,545000
11/27/2013,545000
11/28/2013,545000
11/29/2013,550000
12/2/2013,551000
12/3/2013,546000
12/4/2013,545000
12/5/2013,552000
12/6/2013,548000
12/9/2013,546000
12/10/2013,548000
12/11/2013,558000
12/12/2013,555000
12/13/2013,547000
12/16/2013,550000
12/17/2013,550000
12/18/2013,549000
12/19/2013,548000
12/20/2013,544000
12/23/2013,546000
12/24/2013,544000
12/27/2013,544000
12/30/2013,547000
12/31/2013,544000
1/2/2014,544000
1/2/2014,550000
1/3/2014,552000
1/6/2014,555000
1/7/2014,552000
1/8/2014,551000
1/9/2014,550000
1/10/2014,550000
1/13/2014,555000
1/15/2014,550000
1/16/2014,550000
1/17/2014,550000
1/20/2014,555000
1/21/2014,555000
1/22/2014,553000
1/23/2014,552000
1/24/2014,560000
1/27/2014,565000
1/28/2014,559000
1/29/2014,558000
1/30/2014,559000
2/3/2014,552000
2/4/2014,560000
2/4/2014,558000
2/5/2014,558000
2/6/2014,557000
2/7/2014,557000
2/10/2014,561000
2/11/2014,564000
2/12/2014,567000
2/13/2014,567000
2/14/2014,570000
2/17/2014,571000
2/18/2014,571000
2/19/2014,571000
2/20/2014,569000
2/21/2014,569000
2/24/2014,569000
2/25/2014,571000
2/26/2014,571000
2/27/2014,571000
2/28/2014,571000
3/3/2014,571000
3/4/2014,573000
3/5/2014,572000
3/6/2014,568000
3/7/2014,571000
3/10/2014,565000
3/11/2014,567000
3/12/2014,567000
3/13/2014,572000
3/14/2014,572000
3/17/2014,576000
3/18/2014,570000
3/19/2014,566000
3/20/2014,560000
3/21/2014,560000
3/24/2014,562000
3/25/2014,556000
3/26/2014,556000
3/27/2014,556000
3/28/2014,554000
4/1/2014,552000
4/2/2014,551000
4/3/2014,550000
4/4/2014,550000
4/7/2014,552000
4/8/2014,552000
4/10/2014,553000
4/11/2014,555000
4/14/2014,558000
4/15/2014,558000
4/16/2014,554000
4/17/2014,554000
4/21/2014,553000
4/22/2014,552000
4/23/2014,553000
4/24/2014,554000
4/25/2014,554000
4/28/2014,555000
4/29/2014,553000
4/30/2014,553000
5/2/2014,551000
5/5/2014,557000
5/6/2014,557000
5/7/2014,557000
5/8/2014,549000
5/9/2014,550000
5/12/2014,549000
5/13/2014,550000
5/14/2014,549000
5/16/2014,549000
5/19/2014,549000
5/20/2014,546000
5/21/2014,550000
5/22/2014,551000
5/23/2014,552000
5/26/2014,552000
5/28/2014,547000
5/30/2014,547000
6/2/2014,546000
6/3/2014,547000
6/4/2014,548000
6/5/2014,548000
6/6/2014,550000
6/9/2014,550000
6/10/2014,549000
6/11/2014,550000
6/12/2014,550000
6/13/2014,553000
6/16/2014,553000
6/17/2014,553000
6/18/2014,553000
6/19/2014,559000
6/20/2014,569000
6/23/2014,569000
6/24/2014,569000
6/25/2014,570000
6/26/2014,571000
6/27/2014,572000
6/30/2014,570000
7/1/2014,571000
7/2/2014,565000
7/3/2014,566000
7/4/2014,568000
7/7/2014,564000
7/8/2014,562000
7/10/2014,561000
7/11/2014,558000
7/14/2014,559000
7/15/2014,553000
7/16/2014,551000
7/17/2014,551000
7/17/2014,551000
7/18/2014,556000
7/21/2014,554000
7/22/2014,552000
7/23/2014,549000
7/24/2014,549000
7/25/2014,548000
8/4/2014,553000
8/5/2014,551000
8/6/2014,551000
8/7/2014,557000
8/8/2014,558000
8/11/2014,557000
8/12/2014,557000
8/13/2014,555000
8/14/2014,556000
8/15/2014,556000
8/18/2014,550000
8/19/2014,551000
8/20/2014,551000
8/21/2014,551000
8/22/2014,551000
8/25/2014,551000
8/26/2014,551000
8/27/2014,551000
8/28/2014,551000
8/29/2014,552000
9/1/2014,551000
9/2/2014,551000
9/3/2014,549000
9/4/2014,550000
9/5/2014,549000
9/8/2014,549000
9/9/2014,548000
9/10/2014,548000
9/11/2014,548000
9/12/2014,548000
9/15/2014,547000
9/15/2014,547000
9/16/2014,547000
9/17/2014,547000
9/18/2014,546000
9/19/2014,546000
9/22/2014,544000
9/23/2014,544000
9/23/2014,544000
9/24/2014,544000
9/25/2014,544000
9/26/2014,543000
9/29/2014,543000
9/30/2014,545000
10/1/2014,545000
10/2/2014,545000
10/3/2014,545000
10/6/2014,543000
10/7/2014,544000
10/8/2014,544000
10/9/2014,545000
10/10/2014,545000
10/13/2014,546000
10/14/2014,546000
10/15/2014,545000
10/16/2014,549000
10/17/2014,549000
10/20/2014,546000
10/21/2014,546000
10/22/2014,545000
10/23/2014,544000
10/24/2014,543000
10/27/2014,543000
10/28/2014,543000
10/29/2014,546000
10/30/2014,544000
10/31/2014,543000
11/3/2014,542000
11/4/2014,542000
11/5/2014,542000
11/6/2014,542000
11/7/2014,542000
11/10/2014,542000
11/11/2014,541000
11/12/2014,541000
11/13/2014,540000
11/14/2014,539000
11/17/2014,540000
11/18/2014,540000
11/19/2014,540000
11/20/2014,539000
11/21/2014,539000
11/24/2014,542000
11/25/2014,540000
11/26/2014,540000
11/27/2014,539000
11/28/2014,538000
12/1/2014,536000
12/2/2014,543000
12/3/2014,542000
12/4/2014,544000
12/5/2014,544000
12/8/2014,541000
12/9/2014,540000
12/10/2014,551000
12/11/2014,551000
12/11/2014,551000
12/12/2014,551000
12/15/2014,552000
12/16/2014,549000
12/17/2014,551000
12/18/2014,550000
12/19/2014,547000
12/22/2014,545000
12/23/2014,541000
12/24/2014,541000
12/29/2014,543000
12/30/2014,540000
12/31/2014,549000
1/2/2015,545000
1/5/2015,545000
1/6/2015,550000
1/7/2015,557000
1/8/2015,558000
1/9/2015,557000
1/12/2015,563000
1/13/2015,561000
1/14/2015,563000
1/15/2015,561000
1/16/2015,573000
1/17/2015,581000
1/17/2015,581000
1/19/2015,580000
1/20/2015,580000
1/21/2015,584000
1/22/2015,582000
1/23/2015,581000
1/24/2015,580000
1/26/2015,579000
1/27/2015,575000
1/28/2015,580000
1/29/2015,578000
1/30/2015,570000
1/31/2015,583000
2/2/2015,581000
2/3/2015,578000
2/4/2015,574000
2/5/2015,577000
2/6/2015,576000
2/7/2015,563000
2/9/2015,565000
2/10/2015,566000
2/11/2015,563000
2/11/2015,568000
2/12/2015,563000
2/13/2015,566000
2/14/2015,566000
2/16/2015,567000
2/17/2015,567000
2/18/2015,564000
2/20/2015,564000
2/21/2015,561000
2/23/2015,564000
2/24/2015,563000
2/25/2015,564000
2/26/2015,565000
2/27/2015,566000
2/28/2015,567000
3/2/2015,567000
3/2/2015,571000
3/3/2015,569000
3/4/2015,568000
3/5/2015,568000
3/6/2015,568000
3/9/2015,564000
3/10/2015,564000
3/11/2015,563000
3/12/2015,563000
3/13/2015,563000
3/16/2015,562000
3/17/2015,562000
3/18/2015,561000
3/19/2015,562000
3/20/2015,562000
3/23/2015,563000
3/24/2015,564000
3/25/2015,563000
3/26/2015,563000
3/26/2015,568000
3/27/2015,569000
3/28/2015,568000
3/30/2015,568000
3/31/2015,566000
4/1/2015,565000
4/2/2015,570000
4/4/2015,568000
4/6/2015,574000
4/7/2015,572000
4/8/2015,571000
4/9/2015,570000
4/10/2015,568000
4/13/2015,570000
4/14/2015,568000
4/15/2015,567000
4/16/2015,570000
4/17/2015,570000
4/17/2015,566000
4/18/2015,567000
4/20/2015,567000
4/21/2015,566000
4/22/2015,568000
4/23/2015,565000
4/24/2015,567000
4/25/2015,563000
4/27/2015,565000
4/28/2015,569000
4/29/2015,574000
4/30/2015,571000
4/30/2015,571000
5/2/2015,562000
5/4/2015,565000
5/5/2015,567000
5/6/2015,568000
5/7/2015,569000
5/8/2015,567000
5/9/2015,567000
5/11/2015,571000
5/12/2015,567000
5/13/2015,567000
5/13/2015,572000
5/14/2015,581000
5/15/2015,579000
5/16/2015,582000
5/18/2015,578000
5/19/2015,579000
5/20/2015,577000
5/21/2015,577000
5/22/2015,575000
5/23/2015,575000
5/25/2015,573000
5/26/2015,575000
5/27/2015,570000
5/28/2015,572000
5/29/2015,571000
5/30/2015,570000
6/1/2015,573000
6/3/2015,574000
6/4/2015,571000
6/5/2015,570000
6/6/2015,570000
6/8/2015,569000
6/9/2015,571000
6/10/2015,573000
6/11/2015,575000
6/12/2015,573000
6/13/2015,574000
6/15/2015,574000
6/16/2015,575000
6/17/2015,574000
6/18/2015,576000
6/19/2015,580000
6/20/2015,578000
6/22/2015,579000
6/23/2015,575000
6/24/2015,572000
6/25/2015,571000
6/26/2015,572000
6/27/2015,569000
6/29/2015,575000
6/30/2015,574000
7/1/2015,572000
7/2/2015,570000
7/3/2015,569000
7/4/2015,567000
7/6/2015,570000
7/7/2015,570000
7/8/2015,570000
7/9/2015,570000
7/10/2015,571000
7/11/2015,573000
7/13/2015,571000
7/14/2015,570000
7/15/2015,570000
7/22/2015,567000
7/23/2015,567000
7/24/2015,567000
7/24/2015,567000
7/24/2015,567000
7/24/2015,567000
7/25/2015,567000
7/27/2015,567000
7/28/2015,567000
7/29/2015,567000
7/30/2015,567000
7/31/2015,567000
8/1/2015,567000
8/3/2015,567000
8/4/2015,567000
8/5/2015,567000
8/6/2015,567000
8/7/2015,566000
8/8/2015,567000
8/10/2015,566000
8/11/2015,566000
8/12/2015,567000
8/13/2015,568000
8/14/2015,567000
8/15/2015,567000
8/18/2015,567000
8/19/2015,568000
8/20/2015,572000
8/21/2015,580000
8/22/2015,586000
8/23/2015,580000
8/24/2015,583000
8/25/2015,584000
8/26/2015,583000
8/27/2015,578000
8/28/2015,578000
8/29/2015,574000
8/31/2015,577000
9/1/2015,578000
9/2/2015,580000
9/3/2015,580000
9/4/2015,578000
9/5/2015,578000
9/7/2015,577000
9/8/2015,579000
9/8/2015,579000
9/9/2015,581000
9/10/2015,576000
9/11/2015,580000
9/12/2015,578000
9/14/2015,577000
9/15/2015,579000
9/16/2015,579000
9/17/2015,585000
9/18/2015,590000
9/19/2015,591000
9/21/2015,593000
9/22/2015,591000
9/23/2015,589000
9/25/2015,606000
9/26/2015,604000
9/28/2015,606000
9/29/2015,601000
9/30/2015,600000
10/1/2015,596000
10/2/2015,594000
10/3/2015,600000
10/5/2015,601000
10/6/2015,597000
10/7/2015,597000
10/8/2015,592000
10/9/2015,587000
10/10/2015,572000
10/12/2015,576000
10/13/2015,577000
10/15/2015,588000
10/16/2015,583000
10/17/2015,581000
10/19/2015,586000
10/20/2015,583000
10/20/2015,583000
10/21/2015,585000
10/22/2015,583000
10/23/2015,580000
10/24/2015,578000
10/26/2015,578000
10/27/2015,579000
10/28/2015,579000
10/29/2015,578000
10/30/2015,572000
10/31/2015,573000
11/2/2015,572000
11/3/2015,571000
11/4/2015,570000
11/5/2015,570000
11/6/2015,570000
11/7/2015,570000
11/9/2015,570000
11/10/2015,570000
11/11/2015,570000
11/12/2015,570000
11/13/2015,569000
11/14/2015,569000
11/16/2015,569000
11/17/2015,569000
11/18/2015,569000
11/19/2015,569000
11/20/2015,569000
11/21/2015,568000
11/22/2015,569000
11/23/2015,569000
11/24/2015,568000
11/25/2015,568000
11/26/2015,567000
11/27/2015,568000
11/28/2015,567000
11/30/2015,566000
12/1/2015,567000
12/2/2015,567000
12/3/2015,566000
12/4/2015,567000
12/5/2015,566000
12/7/2015,568000
12/8/2015,567000
12/10/2015,567000
12/11/2015,568000
12/12/2015,568000
12/14/2015,568000
12/15/2015,567000
12/16/2015,567000
12/17/2015,567000
12/18/2015,566000
12/21/2015,567000
12/22/2015,567000
12/23/2015,565000
12/28/2015,565000
12/29/2015,565000
12/30/2015,565000
12/31/2015,565000
1/4/2016,565000
1/5/2016,566000
1/6/2016,566000
1/7/2016,567000
1/8/2016,569000
1/9/2016,568000
1/11/2016,568000
1/12/2016,567000
1/13/2016,565000
1/14/2016,566000
1/15/2016,563000
1/16/2016,562000
1/18/2016,565000
1/19/2016,565000
1/20/2016,565000
1/21/2016,567000
1/22/2016,567000
1/23/2016,565000
1/25/2016,564000
1/26/2016,567000
1/27/2016,572000
1/28/2016,573000
1/29/2016,570000
1/29/2016,570000
1/30/2016,568000
2/1/2016,568000
2/1/2016,568000
2/2/2016,567000
2/3/2016,566000
2/4/2016,570000
2/5/2016,572000
2/6/2016,578000
2/9/2016,584000
2/10/2016,582000
2/11/2016,581000
2/12/2016,593000
2/13/2016,595000
2/15/2016,594000
2/16/2016,586000
2/17/2016,580000
2/18/2016,583000
2/19/2016,593000
2/20/2016,595000
2/22/2016,594000
2/23/2016,583000
2/24/2016,587000
2/25/2016,587000
2/26/2016,591000
2/27/2016,584000
2/29/2016,584000
3/1/2016,593000
3/2/2016,588000
3/3/2016,590000
3/4/2016,594000
3/5/2016,591000
3/7/2016,593000
3/8/2016,590000
3/9/2016,591000
3/10/2016,588000
3/11/2016,595000
3/12/2016,586000
3/14/2016,585000
3/15/2016,580000
3/15/2016,580000
3/16/2016,579000
3/17/2016,593000
3/18/2016,591000
3/21/2016,587000
3/22/2016,585000
3/23/2016,587000
3/24/2016,578000
3/26/2016,579000
3/28/2016,580000
3/29/2016,583000
3/30/2016,592000
3/31/2016,583000
4/1/2016,584000
4/2/2016,580000
4/4/2016,582000
4/5/2016,579000
4/6/2016,586000
4/7/2016,584000
4/8/2016,589000
4/9/2016,586000
4/11/2016,589000
4/12/2016,594000
4/13/2016,592000
4/14/2016,588000
4/15/2016,585000
4/16/2016,585000
4/18/2016,586000
4/19/2016,586000
4/20/2016,592000
4/21/2016,587000
4/22/2016,590000
4/23/2016,587000
4/25/2016,585000
4/26/2016,586000
4/27/2016,589000
4/28/2016,591000
4/29/2016,598000
4/30/2016,608000
5/2/2016,608000
5/3/2016,606000
5/4/2016,605000
5/7/2016,603000
5/9/2016,607000
5/10/2016,603000
5/11/2016,602000
5/12/2016,606000
5/13/2016,602000
5/14/2016,605000
5/16/2016,606000
5/17/2016,606000
5/18/2016,607000
5/19/2016,604000
5/20/2016,608000
5/21/2016,608000
5/23/2016,606000
5/24/2016,606000
5/25/2016,601000
5/26/2016,600000
5/27/2016,599000
5/28/2016,599000
5/30/2016,595000
5/31/2016,597000
6/1/2016,598000
6/2/2016,598000
6/3/2016,597000
6/4/2016,605000
6/6/2016,606000
6/7/2016,603000
6/8/2016,598000
6/9/2016,602000
6/10/2016,602000
6/11/2016,608000
6/13/2016,609000
6/14/2016,612000
6/15/2016,614000
6/16/2016,616000
6/16/2016,623000
6/17/2016,610000
6/18/2016,621000
6/20/2016,614000
6/21/2016,610000
6/22/2016,603000
6/23/2016,602000
6/24/2016,601000
6/24/2016,617000
6/25/2016,628000
6/27/2016,630000
6/28/2016,628000
6/29/2016,620000
6/30/2016,616000
7/1/2016,619000
7/11/2016,638000
7/12/2016,632000
7/13/2016,622000
7/14/2016,627000
7/15/2016,621000
7/16/2016,624000
7/18/2016,622000
7/18/2016,622000
7/19/2016,621000
7/20/2016,622000
7/21/2016,617000
7/22/2016,625000
7/23/2016,620000
7/25/2016,620000
7/26/2016,620000
7/27/2016,621000
7/28/2016,625000
7/28/2016,625000
7/29/2016,625000
7/30/2016,628000
8/1/2016,629000
8/2/2016,631000
8/3/2016,635000
8/4/2016,634000
8/5/2016,636000
8/6/2016,626000
8/8/2016,626000
8/9/2016,627000
8/10/2016,629000
8/11/2016,631000
8/12/2016,628000
8/13/2016,626000
8/15/2016,627000
8/16/2016,629000
8/18/2016,632000
8/19/2016,632000
8/20/2016,629000
8/20/2016,629000
8/22/2016,629000
8/23/2016,628000
8/24/2016,629000
8/25/2016,627000
8/26/2016,626000
8/27/2016,625000
8/29/2016,626000
8/29/2016,626000
8/30/2016,627000
8/31/2016,622000
9/1/2016,622000
9/2/2016,623000
9/3/2016,627000
9/5/2016,627000
9/6/2016,626000
9/7/2016,630000
9/8/2016,629000
9/9/2016,627000
9/9/2016,627000
9/10/2016,624000
9/13/2016,624000
9/14/2016,623000
9/15/2016,625000
9/16/2016,624000
9/17/2016,621000
9/19/2016,621000
9/20/2016,622000
9/21/2016,623000
9/22/2016,628000
9/23/2016,627000
9/24/2016,628000
9/26/2016,627000
9/27/2016,626000
9/28/2016,622000
9/29/2016,621000
9/30/2016,621000
10/1/2016,620000
10/3/2016,621000
10/4/2016,620000
10/5/2016,619000
10/6/2016,619000
10/7/2016,619000
10/8/2016,619000
10/8/2016,619000
10/10/2016,619000
10/11/2016,619000
10/12/2016,619000
10/13/2016,620000
10/14/2016,621000
10/15/2016,619000
10/17/2016,620000
10/18/2016,621000
10/19/2016,622000
10/20/2016,622000
10/21/2016,620000
10/22/2016,619000
10/24/2016,621000
10/25/2016,621000
10/26/2016,622000
10/27/2016,619000
10/28/2016,620000
10/29/2016,621000
10/31/2016,621000
11/1/2016,622000
11/2/2016,625000
11/3/2016,626000
11/4/2016,627000
11/5/2016,626000
11/7/2016,625000
11/8/2016,623000
11/9/2016,620000
11/9/2016,630000
11/10/2016,625000
11/11/2016,617000
11/12/2016,613000
11/14/2016,615000
11/15/2016,613000
11/16/2016,614000
11/17/2016,614000
11/18/2016,611000
11/19/2016,610000
11/21/2016,610000
11/22/2016,612000
11/23/2016,611000
11/24/2016,609000
11/25/2016,610000
11/26/2016,609000
11/28/2016,610000
11/29/2016,611000
11/30/2016,612000
12/1/2016,608000
12/2/2016,609000
12/3/2016,608000
12/5/2016,609000
12/6/2016,607000
12/7/2016,606000
12/8/2016,606000
12/9/2016,605000
12/10/2016,605000
12/13/2016,604000
12/14/2016,604000
12/15/2016,603000
12/16/2016,602000
12/17/2016,605000
12/19/2016,606000
12/20/2016,605000
12/21/2016,603000
12/22/2016,604000
12/23/2016,603000
12/24/2016,604000
12/27/2016,605000
12/28/2016,606000
12/29/2016,607000
12/30/2016,608000
1/3/2017,606000
1/4/2017,606000
1/5/2017,607000
1/6/2017,606000
1/7/2017,600000
1/9/2017,602000
1/10/2017,605000
1/11/2017,605000
1/12/2017,607000
1/13/2017,607000
1/14/2017,608000
1/16/2017,609000
1/17/2017,610000
1/18/2017,613000
1/19/2017,610000
1/20/2017,611000
1/21/2017,611000
1/23/2017,613000
1/24/2017,613000
1/25/2017,610000
1/26/2017,607000
1/27/2017,602000
1/30/2017,603000
1/31/2017,603000
2/1/2017,607000
2/2/2017,607000
2/3/2017,609000
2/4/2017,611000
2/6/2017,610000
2/7/2017,612000
2/8/2017,612000
2/9/2017,614000
2/10/2017,608000
2/11/2017,610000
2/13/2017,609000
2/14/2017,608000
2/16/2017,610000
2/17/2017,612000
2/18/2017,610000
2/20/2017,611000
2/21/2017,610000
2/22/2017,611000
2/23/2017,611000
2/24/2017,616000
2/25/2017,618000
2/27/2017,617000
2/28/2017,616000
3/1/2017,613000
3/2/2017,612000
3/3/2017,609000
3/4/2017,608000
3/6/2017,609000
3/7/2017,606000
3/8/2017,603000
3/9/2017,601000
3/10/2017,599000
3/11/2017,600000
3/13/2017,600000
3/14/2017,598000
3/15/2017,597000
3/16/2017,601000
3/17/2017,602000
3/18/2017,603000
3/20/2017,604000
3/20/2017,604000
3/21/2017,605000
3/22/2017,607000
3/23/2017,609000
3/24/2017,609000
3/25/2017,608000
3/27/2017,612000
3/29/2017,610000
3/30/2017,611000
3/31/2017,608000
4/1/2017,609000
4/3/2017,609000
4/4/2017,611000
4/5/2017,611000
4/6/2017,612000
4/7/2017,609000
4/8/2017,610000
4/10/2017,610000
4/11/2017,611000
4/12/2017,614000
4/13/2017,618000
4/15/2017,618000
4/17/2017,620000
4/18/2017,615000
4/19/2017,619000
4/20/2017,615000
4/21/2017,617000
4/22/2017,618000
4/25/2017,615000
4/25/2017,615000
4/26/2017,609000
4/27/2017,610000
4/28/2017,609000
4/29/2017,609000
5/2/2017,607000
5/3/2017,607000
5/4/2017,600000
5/5/2017,598000
5/6/2017,599000
5/8/2017,601000
5/9/2017,600000
5/10/2017,599000
5/11/2017,596000
5/12/2017,601000
5/13/2017,601000
5/15/2017,599000
5/16/2017,600000
5/17/2017,604000
5/18/2017,609000
5/19/2017,605000
5/20/2017,612000
5/22/2017,608000
5/23/2017,609000
5/24/2017,606000
5/25/2017,606000
5/26/2017,607000
5/27/2017,612000
5/29/2017,610000
5/30/2017,610000
5/31/2017,609000
6/2/2017,610000
6/3/2017,616000
6/5/2017,615000
6/6/2017,615000
6/7/2017,619000
6/8/2017,616000
6/9/2017,614000
6/10/2017,610000
6/12/2017,612000
6/13/2017,610000
6/14/2017,612000
6/15/2017,610000
6/16/2017,608000
6/17/2017,607000
6/19/2017,609000
6/20/2017,605000
6/21/2017,606000
6/22/2017,607000
7/3/2017,605000
7/4/2017,601000
7/5/2017,604000
7/6/2017,603000
7/7/2017,602000
7/8/2017,600000
7/10/2017,599000
7/11/2017,600000
7/12/2017,602000
7/13/2017,602000
7/14/2017,602000
7/15/2017,606000
7/17/2017,607000
7/18/2017,607000
7/19/2017,610000
7/20/2017,610000
7/21/2017,610000
7/22/2017,614000
7/24/2017,614000
7/25/2017,613000
7/26/2017,610000
7/27/2017,615000
7/28/2017,615000
7/29/2017,619000
7/31/2017,618000
8/1/2017,617000
8/2/2017,617000
8/3/2017,615000
8/4/2017,617000
8/5/2017,613000
8/7/2017,613000
8/8/2017,613000
8/9/2017,615000
8/10/2017,618000
8/11/2017,621000
8/11/2017,621000
8/12/2017,623000
8/14/2017,621000
8/15/2017,619000
8/16/2017,618000
8/18/2017,624000
8/19/2017,622000
8/21/2017,622000
8/22/2017,624000
8/23/2017,621000
8/24/2017,624000
8/25/2017,623000
8/26/2017,624000
8/28/2017,625000
8/29/2017,634000
8/30/2017,631000
8/31/2017,631000
9/4/2017,638000
9/5/2017,637000
9/6/2017,639000
9/7/2017,636000
9/8/2017,642000
9/9/2017,641000
9/11/2017,637000
9/12/2017,631000
9/13/2017,632000
9/14/2017,629000
9/15/2017,634000
9/16/2017,632000
9/18/2017,629000
9/19/2017,627000
9/20/2017,629000
9/21/2017,627000
9/22/2017,624000
9/23/2017,627000
9/25/2017,626000
9/26/2017,630000
9/27/2017,627000
9/28/2017,625000
9/29/2017,628000
9/30/2017,627000
10/2/2017,621000
10/3/2017,619000
10/3/2017,620000
10/4/2017,622000
10/5/2017,622000
10/6/2017,622000
10/7/2017,628000
10/9/2017,628000
10/10/2017,633000
10/11/2017,636000
10/12/2017,638000
10/13/2017,640000
10/14/2017,645000
10/16/2017,644000
10/17/2017,640000
10/18/2017,638000
10/19/2017,637000
10/20/2017,642000
10/21/2017,639000
10/23/2017,638000
10/24/2017,643000
10/25/2017,639000
10/26/2017,642000
10/27/2017,636000
10/28/2017,641000
10/30/2017,641000
10/31/2017,640000
11/1/2017,637000
11/2/2017,640000
11/3/2017,640000
11/4/2017,634000
11/6/2017,638000
11/7/2017,639000
11/8/2017,637000
11/9/2017,639000
11/10/2017,640000
11/11/2017,636000
11/13/2017,636000
11/14/2017,637000
11/15/2017,638000
11/16/2017,638000
11/17/2017,638000
11/18/2017,643000
11/20/2017,643000
11/21/2017,637000
11/22/2017,639000
11/23/2017,641000
11/24/2017,640000
11/25/2017,639000
11/27/2017,639000
11/28/2017,641000
11/29/2017,640000
11/30/2017,637000
12/2/2017,635000
12/4/2017,633000
12/5/2017,635000
12/6/2017,631000
12/7/2017,631000
12/8/2017,628000
12/9/2017,628000
12/11/2017,628000
12/12/2017,627000
12/13/2017,628000
12/14/2017,633000
12/15/2017,632000
12/16/2017,633000
12/18/2017,632000
12/19/2017,635000
12/20/2017,635000
12/21/2017,637000
12/22/2017,636000
12/23/2017,638000
12/27/2017,642000
12/28/2017,643000
12/29/2017,645000
12/30/2017,647000
1/2/2018,649000
1/3/2018,652000
1/4/2018,647000
1/5/2018,650000
1/6/2018,646000
1/8/2018,648000
1/9/2018,647000
1/10/2018,645000
1/11/2018,648000
1/12/2018,650000
1/13/2018,651000
1/15/2018,650000
1/16/2018,649000
1/17/2018,647000
1/18/2018,643000
1/19/2018,643000
1/20/2018,643000
1/22/2018,643000
1/23/2018,642000
1/24/2018,645000
1/25/2018,651000
1/26/2018,648000
1/27/2018,650000
1/29/2018,651000
1/30/2018,648000
1/31/2018,650000
2/1/2018,653000
2/2/2018,653000
2/3/2018,648000
2/5/2018,648000
2/6/2018,653000
2/7/2018,651000
2/8/2018,649000
2/9/2018,652000
2/10/2018,652000
2/12/2018,651000
2/13/2018,653000
2/14/2018,658000
2/15/2018,663000
2/17/2018,658000
2/19/2018,658000
2/20/2018,656000
2/21/2018,652000
2/22/2018,652000
2/23/2018,656000
2/24/2018,656000
2/26/2018,655000
2/27/2018,657000
2/28/2018,653000
3/1/2018,655000
3/2/2018,658000
3/3/2018,659000
3/5/2018,658000
3/6/2018,657000
3/7/2018,665000
3/8/2018,659000
3/9/2018,658000
3/10/2018,661000
3/12/2018,661000
3/13/2018,660000
3/14/2018,659000
3/15/2018,659000
3/16/2018,656000
3/17/2018,656000
3/19/2018,656000
3/20/2018,658000
3/21/2018,657000
3/22/2018,665000
3/23/2018,664000
3/24/2018,672000
3/26/2018,672000
3/27/2018,673000
3/28/2018,666000
3/29/2018,662000
3/31/2018,662000
4/2/2018,663000
4/3/2018,669000
4/4/2018,666000
4/5/2018,666000
4/6/2018,666000
4/7/2018,667000
4/9/2018,665000
4/10/2018,669000
4/11/2018,670000
4/12/2018,674000
4/13/2018,669000
4/16/2018,671000
4/17/2018,673000
4/18/2018,673000
4/19/2018,674000
4/20/2018,671000
4/21/2018,668000
4/23/2018,668000
4/24/2018,668000
4/25/2018,671000
4/26/2018,668000
4/27/2018,668000
4/28/2018,667000
4/30/2018,668000
5/2/2018,664000
5/3/2018,666000
5/4/2018,670000
5/5/2018,670000
5/7/2018,670000
5/8/2018,671000
5/9/2018,673000
5/11/2018,675000
5/12/2018,673000
5/14/2018,670000
5/15/2018,669000
5/16/2018,665000
5/17/2018,667000
5/18/2018,666000
5/19/2018,667000
5/21/2018,667000
5/22/2018,670000
5/23/2018,670000
5/24/2018,672000
5/25/2018,675000
5/26/2018,672000
5/28/2018,671000
5/30/2018,669000
5/31/2018,668000
6/2/2018,664000
6/4/2018,663000
6/5/2018,662000
6/6/2018,665000
6/7/2018,665000
6/8/2018,665000
6/9/2018,667000
6/21/2018,655000
6/22/2018,660000
6/23/2018,661000
6/25/2018,662000
6/26/2018,660000
6/28/2018,657000
6/29/2018,659000
6/30/2018,663000
7/2/2018,664000
7/3/2018,659000
7/4/2018,665000
7/5/2018,664000
7/6/2018,666000
7/7/2018,665000
7/9/2018,666000
7/10/2018,664000
7/11/2018,663000
7/12/2018,661000
7/13/2018,663000
7/14/2018,660000
7/16/2018,660000
7/17/2018,660000
7/18/2018,656000
7/19/2018,656000
7/20/2018,655000
7/21/2018,660000
7/23/2018,660000
7/24/2018,656000
7/25/2018,656000
7/26/2018,662000
7/27/2018,659000
7/28/2018,660000
7/30/2018,659000
7/31/2018,654000
8/1/2018,656000
8/2/2018,654000
8/3/2018,651000
8/6/2018,654000
8/7/2018,652000
8/7/2018,660000
8/8/2018,653000
8/9/2018,651000
8/10/2018,650000
8/11/2018,650000
8/13/2018,650000
8/14/2018,649000
8/15/2018,649000
8/16/2018,645000
8/20/2018,648000
8/21/2018,649000
8/23/2018,650000
8/24/2018,648000
8/25/2018,657000
8/27/2018,654000
8/28/2018,655000
8/29/2018,652000
8/30/2018,655000
8/31/2018,652000
9/1/2018,654000
9/3/2018,654000
9/4/2018,656000
9/5/2018,655000
9/6/2018,661000
9/7/2018,662000
9/8/2018,659000
9/10/2018,659000
9/11/2018,659000
9/12/2018,662000
9/13/2018,667000
9/14/2018,663000
9/15/2018,661000
9/17/2018,661000
9/18/2018,664000
9/19/2018,666000
9/20/2018,668000
9/21/2018,668000
9/22/2018,665000
9/24/2018,663000
9/25/2018,666000
9/26/2018,667000
9/27/2018,666000
9/28/2018,660000
9/29/2018,663000
10/1/2018,663000
10/1/2018,663000
10/2/2018,662000
10/2/2018,662000
10/3/2018,670000
10/4/2018,670000
10/5/2018,671000
10/6/2018,676000
10/8/2018,675000
10/9/2018,668000
10/10/2018,669000
10/11/2018,669000
10/11/2018,669000
10/12/2018,680000
10/13/2018,676000
10/15/2018,677000
10/16/2018,681000
10/17/2018,679000
10/17/2018,679000
10/18/2018,676000
10/19/2018,678000
10/19/2018,678000
10/20/2018,680000
10/22/2018,680000
10/23/2018,677000
10/24/2018,682000
10/24/2018,682000
10/25/2018,682000
10/26/2018,681000
10/27/2018,682000
10/29/2018,682000
10/30/2018,681000
10/31/2018,678000
11/1/2018,675000
11/2/2018,681000
11/3/2018,678000
11/5/2018,678000
11/6/2018,673000
11/7/2018,670000
11/8/2018,665000
11/9/2018,662000
11/10/2018,660000
11/12/2018,659000
11/13/2018,660000
11/14/2018,663000
11/14/2018,663000
11/15/2018,663000
11/15/2018,662000
11/16/2018,664000
11/17/2018,662000
11/19/2018,662000
11/19/2018,662000
11/19/2018,662000
11/21/2018,662000
11/21/2018,662000
11/22/2018,665000
11/23/2018,665000
11/24/2018,662000
11/26/2018,662000
11/27/2018,661000
11/28/2018,657500
11/29/2018,661000
11/30/2018,659000
12/1/2018,657000
12/3/2018,655000
12/4/2018,656500
12/5/2018,660000
12/6/2018,662000
12/7/2018,665000
12/8/2018,668500
12/10/2018,669000
12/11/2018,666000
12/12/2018,668000
12/13/2018,668000
12/14/2018,665000
12/15/2018,664000
12/17/2018,664000
12/18/2018,668000
12/19/2018,667000
12/20/2018,662000
12/21/2018,669000
12/22/2018,666000
12/26/2018,671000
12/27/2018,674000
12/28/2018,674000
12/29/2018,676000
12/31/2018,676000
1/2/2019,674000
1/3/2019,676000
1/4/2019,681000
1/5/2019,673000
1/7/2019,673000
1/8/2019,669000
1/9/2019,666000
1/10/2019,671000
1/11/2019,669000
1/12/2019,669000
1/14/2019,669000
1/15/2019,669000
1/16/2019,670000
1/17/2019,672000
1/18/2019,672000
1/21/2019,670000
1/22/2019,669000
1/23/2019,671000
1/24/2019,669000
1/25/2019,667000
1/26/2019,677000
1/28/2019,675000
1/29/2019,672000
1/30/2019,676000
1/31/2019,680000
2/1/2019,679000
2/2/2019,675000
2/4/2019,675000
2/6/2019,675000
2/7/2019,672000
2/8/2019,674000
2/9/2019,675000
2/11/2019,675000
2/12/2019,673000
2/13/2019,676000
2/14/2019,673000
2/15/2019,677000
2/16/2019,681000
2/18/2019,680000
2/19/2019,683000
2/20/2019,689000
2/21/2019,686000
2/22/2019,682000
2/23/2019,684000
2/25/2019,683000
2/26/2019,680000
2/27/2019,679000
2/28/2019,674000
3/1/2019,673000
3/2/2019,669000
3/4/2019,665500
3/5/2019,665000
3/6/2019,665500
3/7/2019,665500
3/8/2019,664500
3/9/2019,669000
3/11/2019,672500
3/12/2019,674000
3/13/2019,679000
3/14/2019,680000
3/15/2019,675000
3/16/2019,680000
3/18/2019,678500
3/19/2019,675500
3/20/2019,676500
3/21/2019,680000
3/22/2019,672000
3/23/2019,676000
3/25/2019,675000
3/26/2019,681000
3/27/2019,676000
3/28/2019,674000
3/29/2019,669000
4/1/2019,669000
4/2/2019,669000
4/4/2019,670000
4/5/2019,669500
4/6/2019,669500
4/8/2019,669500
4/9/2019,671000
4/10/2019,672500
4/11/2019,673500
4/12/2019,669000
4/13/2019,668500
4/15/2019,669000
4/16/2019,666500
4/18/2019,665000
4/19/2019,665000
4/20/2019,665000
4/21/2019,665000
4/22/2019,665000
4/23/2019,665000
4/24/2019,665000
4/25/2019,667000
4/26/2019,670000
4/27/2019,673500
4/29/2019,673000
4/30/2019,670500
5/1/2019,673000
5/2/2019,670000
5/3/2019,669000
5/4/2019,674000
5/6/2019,673000
5/7/2019,674000
5/8/2019,674500
5/9/2019,671000
5/10/2019,673000
5/11/2019,673500
5/13/2019,673500
5/14/2019,678000
5/15/2019,678000
5/16/2019,678000
5/17/2019,674000
5/18/2019,672000
5/20/2019,672000
5/21/2019,672000
5/22/2019,671000
5/23/2019,671000
5/24/2019,675000
5/27/2019,674000
5/28/2019,671000
5/29/2019,670000
5/31/2019,675000
6/10/2019,690000
6/11/2019,682000
6/12/2019,682000
6/13/2019,684000
6/14/2019,690000
6/15/2019,690000
6/17/2019,688000
6/18/2019,691000
6/19/2019,693000
6/20/2019,703000
6/21/2019,711000
6/21/2019,716000
6/22/2019,708000
6/24/2019,711500
6/25/2019,722000
6/26/2019,718000
6/27/2019,716000
6/28/2019,720000
6/30/2019,714000
7/1/2019,708000
7/2/2019,703000
7/3/2019,723000
7/4/2019,720000
7/5/2019,718000
7/6/2019,710000
7/8/2019,709000
7/9/2019,708000
7/10/2019,708000
7/11/2019,720000
7/12/2019,710000
7/13/2019,715000
7/15/2019,715000
7/16/2019,711000
7/17/2019,706000
7/18/2019,714000
7/19/2019,723000
7/21/2019,712000
7/22/2019,713000
7/23/2019,714000
7/24/2019,712000
7/25/2019,717000
7/26/2019,711000
7/27/2019,713000
7/28/2019,713000
7/29/2019,714000
7/30/2019,716000
7/31/2019,720000
8/1/2019,711500
8/2/2019,726000
8/3/2019,731000
8/5/2019,733000
8/6/2019,748000
8/7/2019,755000
8/8/2019,762000
8/9/2019,761000
8/10/2019,756000
8/12/2019,758000
8/13/2019,764000
8/14/2019,763000
8/15/2019,768000
8/16/2019,775000
8/17/2019,768000
8/18/2019,768000
8/19/2019,766000
8/20/2019,758000
8/21/2019,765000
8/22/2019,764000
8/23/2019,760000
8/24/2019,774000
8/26/2019,783000
8/27/2019,775500
8/28/2019,781000
8/29/2019,780000
8/30/2019,775000
8/31/2019,772000
9/2/2019,777000
9/3/2019,774000
9/4/2019,784000
9/5/2019,784000
9/6/2019,774000
9/7/2019,768000
9/8/2019,768000
9/9/2019,767000
9/10/2019,763000
9/11/2019,760000
9/12/2019,761000
9/13/2019,762000
9/14/2019,754000
9/16/2019,762000
9/17/2019,762000
9/18/2019,766000
9/19/2019,761000
9/20/2019,765000
9/21/2019,772000
9/23/2019,771000
9/24/2019,774000
9/25/2019,778000
9/26/2019,771000
9/27/2019,771000
9/28/2019,770000
9/29/2019,770000
9/30/2019,770000
10/1/2019,760000
10/2/2019,764000
10/3/2019,771000
10/4/2019,773000
10/5/2019,770000
10/6/2019,770000
10/7/2019,770000
10/8/2019,765000
10/9/2019,771000
10/10/2019,775000
10/11/2019,767000
10/12/2019,765000
10/13/2019,765000
10/14/2019,763000
10/15/2019,765000
10/16/2019,761000
10/17/2019,767000
10/18/2019,767000
10/19/2019,765000
10/20/2019,765000
10/21/2019,765000
10/22/2019,761000
10/23/2019,760000
10/24/2019,761000
10/25/2019,763000
10/26/2019,766000
10/27/2019,766000
10/28/2019,766000
10/29/2019,761000
10/30/2019,760000
10/31/2019,764000
11/1/2019,773000
11/2/2019,773000
11/3/2019,773000
11/4/2019,772000
11/5/2019,767000
11/6/2019,759000
11/7/2019,759000
11/8/2019,754000
11/9/2019,750000
11/11/2019,751000
11/12/2019,750000
11/13/2019,752000
11/14/2019,755000
11/15/2019,757000
11/16/2019,756000
11/17/2019,756000
11/18/2019,757000
11/19/2019,758000
11/20/2019,760000
11/21/2019,760000
11/22/2019,757000
11/23/2019,756000
11/24/2019,756000
11/25/2019,756000
11/26/2019,752000
11/27/2019,754000
11/27/2019,754000
11/28/2019,753000
11/28/2019,753000
11/29/2019,753000
11/30/2019,756000
12/2/2019,755000
12/3/2019,756000
12/4/2019,762000
12/5/2019,761000
12/6/2019,760000
12/7/2019,756000
12/8/2019,756000
12/9/2019,753000
12/10/2019,752000
12/11/2019,753000
12/12/2019,759000
12/13/2019,755000
12/14/2019,759000
12/15/2019,759000
12/16/2019,758000
12/17/2019,760000
12/18/2019,761000
12/19/2019,760000
12/20/2019,760000
12/21/2019,761000
12/23/2019,761000
12/26/2019,767000
12/27/2019,771000
12/30/2019,771000
12/31/2019,771000
1/2/2020,771000
1/3/2020,775000
1/4/2020,783000
1/6/2020,792000
1/7/2020,793000
1/8/2020,808000
1/9/2020,791000
1/10/2020,786000
1/11/2020,789000
1/13/2020,787000
1/14/2020,776000
1/15/2020,776000
1/16/2020,781000
1/17/2020,777000
1/18/2020,779000
1/20/2020,778000
1/21/2020,780000
1/22/2020,778000
1/23/2020,781000
1/24/2020,777000
1/27/2020,783000
1/28/2020,783000
1/29/2020,780000
1/30/2020,783000
1/31/2020,783000
2/1/2020,790000
2/2/2020,790000
2/3/2020,788000
2/4/2020,787000
2/5/2020,780000
2/6/2020,779000
2/7/2020,781000
2/10/2020,784000
2/11/2020,785000
2/12/2020,783000
2/13/2020,783000
2/14/2020,786000
2/15/2020,789000
2/16/2020,789000
2/17/2020,788000
2/18/2020,788000
2/19/2020,792000
2/20/2020,797000
2/21/2020,802000
2/22/2020,813000
2/23/2020,813000
2/24/2020,818000
2/24/2020,828000
2/25/2020,818000
2/26/2020,817000
2/27/2020,822000
2/28/2020,825000
2/29/2020,815000
3/1/2020,815000
3/2/2020,819000
3/3/2020,824000
3/4/2020,836000
3/5/2020,831000
3/6/2020,846000
3/7/2020,851000
3/9/2020,860000
3/10/2020,851000
3/11/2020,848000
3/12/2020,840000
3/13/2020,821000
3/14/2020,818000
3/15/2020,818000
3/16/2020,828000
3/17/2020,810000
3/18/2020,835000
3/19/2020,823000
3/20/2020,833000
3/20/2020,868000
3/21/2020,879000
3/22/2020,879000
3/23/2020,870000
3/23/2020,900000
3/24/2020,928000
3/26/2020,933000
3/27/2020,933000
3/30/2020,935000
3/31/2020,933000
4/1/2020,920000
4/2/2020,927000
4/3/2020,953000
4/4/2020,943000
4/6/2020,940000
4/7/2020,972000
4/8/2020,955000
4/9/2020,947000
4/11/2020,960000
4/13/2020,961000
4/14/2020,957000
4/15/2020,952000
4/16/2020,948000
4/17/2020,951000
4/18/2020,936000
4/20/2020,926000
4/21/2020,933000
4/22/2020,937000
4/23/2020,943000
4/24/2020,953000
4/25/2020,952000
4/27/2020,948000
4/28/2020,944000
4/29/2020,937000
4/30/2020,937000
5/2/2020,925000
5/4/2020,923000
5/5/2020,922000
5/6/2020,922000
5/8/2020,927000
5/9/2020,920000
5/11/2020,920000
5/12/2020,912000
5/13/2020,917000
5/14/2020,919000
5/15/2020,926000
5/16/2020,928000
5/18/2020,934000
5/19/2020,924000
5/20/2020,926000
5/22/2020,916000
5/26/2020,917000
5/27/2020,909000
5/28/2020,908000
5/29/2020,913000
5/30/2020,914000
6/2/2020,920000
6/3/2020,904000
6/4/2020,887000
6/5/2020,888000
6/6/2020,876000
6/8/2020,876000
6/9/2020,875000
6/10/2020,881000
6/11/2020,893000
6/12/2020,886000
6/13/2020,900000
6/15/2020,902000
6/16/2020,898000
6/17/2020,895000
6/18/2020,900000
6/19/2020,895000
6/20/2020,905000
6/21/2020,905000
6/22/2020,907000
6/23/2020,908000
6/24/2020,916000
6/25/2020,907000
6/26/2020,910000
6/27/2020,912000
6/28/2020,912000
6/29/2020,911000
6/30/2020,918000
7/1/2020,919000
7/2/2020,915000
7/3/2020,928000
7/4/2020,930000
7/5/2020,930000
7/6/2020,931000
7/7/2020,934000
7/8/2020,934000
7/9/2020,940000
7/10/2020,937000
7/11/2020,937000
7/13/2020,938000
7/14/2020,938000
7/15/2020,942000
7/16/2020,949000
7/17/2020,944000
7/18/2020,956000
7/19/2020,956000
7/20/2020,956000
7/21/2020,963000
7/22/2020,982000
7/23/2020,977000
7/24/2020,984000
7/25/2020,989000
7/26/2020,989000
7/27/2020,997000
7/28/2020,1022000
7/28/2020,1013000
7/29/2020,1013000
7/30/2020,1016000
8/1/2020,1028000
8/3/2020,1028000
8/4/2020,1029000
8/5/2020,1048000
8/6/2020,1054000
8/7/2020,1065000
8/8/2020,1055000
8/9/2020,1055000
8/10/2020,1054000
8/11/2020,1056000
8/12/2020,1026000
8/13/2020,1028000
8/14/2020,1040000
8/15/2020,1035000
8/16/2020,1035000
8/17/2020,1030000
8/18/2020,1050000
8/19/2020,1058000
8/20/2020,1030000
8/21/2020,1031000
8/22/2020,1027000
8/23/2020,1027000
8/24/2020,1023000
8/25/2020,1021000
8/26/2020,1011000
8/27/2020,1019000
8/28/2020,1012000
8/29/2020,1027000
8/30/2020,1027000
8/31/2020,1030000
9/1/2020,1020000
9/1/2020,1026000
9/2/2020,1024000
9/3/2020,1024000
9/4/2020,1021000
9/5/2020,1020000
9/6/2020,1020000
9/7/2020,1020000
9/8/2020,1015000
9/9/2020,1017000
9/10/2020,1027000
9/11/2020,1028000
9/12/2020,1031000
9/13/2020,1031000
9/14/2020,1031000
9/15/2020,1037000
9/16/2020,1030000
9/17/2020,1030000
9/18/2020,1030000
9/19/2020,1023000
9/20/2020,1023000
9/21/2020,1024000
9/22/2020,1009000
9/23/2020,1007000
9/23/2020,1007000
9/24/2020,1002000
9/25/2020,1009000
9/26/2020,1006000
9/27/2020,1006000
9/28/2020,1006000
9/29/2020,1014000
9/30/2020,1016000
10/1/2020,1013000
10/2/2020,1015000
10/3/2020,1014000
10/4/2020,1014000
10/5/2020,1015000
10/6/2020,1017000
10/7/2020,999000
10/8/2020,1004000
10/9/2020,1007000
10/10/2020,1019000
10/11/2020,1019000
10/12/2020,1017000
10/13/2020,1015000
10/14/2020,1007000
10/15/2020,1009000
10/16/2020,1011000
10/17/2020,1008000
10/18/2020,1008000
10/19/2020,1008000
10/20/2020,1008000
10/21/2020,1012000
10/22/2020,1011000
10/23/2020,1007000
10/24/2020,1008000
10/25/2020,1008000
10/26/2020,1007000
10/27/2020,1007000
10/28/2020,1007000
10/29/2020,995000
10/30/2020,992000
10/31/2020,996000
11/1/2020,996000
11/2/2020,994000
11/3/2020,1004000
11/4/2020,1004000
11/5/2020,1000000
11/6/2020,1009000
11/7/2020,1004000
11/8/2020,1004000
11/9/2020,1006000
11/10/2020,972000
11/11/2020,970000
11/12/2020,968000
11/13/2020,978000
11/14/2020,985000
11/15/2020,985000
11/16/2020,985000
11/17/2020,980000
11/18/2020,975000
11/19/2020,973000
11/20/2020,973000
11/21/2020,977000
11/22/2020,977000
11/23/2020,977000
11/24/2020,961000
11/25/2020,953000
11/26/2020,953000
11/27/2020,951000
11/28/2020,942000
11/29/2020,942000
11/30/2020,942000
12/1/2020,938000
12/2/2020,952000
12/3/2020,957000
12/4/2020,961000
12/5/2020,960000
12/6/2020,960000
12/7/2020,959000
12/8/2020,966000
12/10/2020,956000
12/11/2020,954000
12/12/2020,954000
12/13/2020,954000
12/14/2020,952000
12/15/2020,951000
12/16/2020,962000
12/17/2020,965000
12/18/2020,972000
12/19/2020,970000
12/20/2020,970000
12/21/2020,976000
12/22/2020,970000
12/23/2020,966000
12/24/2020,971000
12/25/2020,973000
12/26/2020,973000
12/27/2020,973000
12/28/2020,977000
12/29/2020,967000
12/30/2020,965000
1/2/2021,969000
1/4/2021,975000
1/5/2021,975000
1/6/2021,981000
1/7/2021,971000
1/8/2021,969000
1/9/2021,954000
1/10/2021,954000
1/11/2021,952000
1/12/2021,957000
1/13/2021,965000
1/14/2021,955000
1/15/2021,956000
1/16/2021,948000
1/17/2021,948000
1/18/2021,944000
1/19/2021,952000
1/20/2021,954000
1/21/2021,963000
1/22/2021,961000
1/23/2021,957000
1/25/2021,958000
1/26/2021,958000
1/27/2021,956000
1/28/2021,952000
1/29/2021,954000
1/30/2021,954000
2/1/2021,955000
2/2/2021,954000
2/3/2021,947000
2/4/2021,943000
2/5/2021,930000
2/6/2021,940000
2/8/2021,940000
2/9/2021,943000
2/10/2021,945000
2/11/2021,945000
2/13/2021,940000
2/15/2021,940000
2/16/2021,935000
2/17/2021,922000
2/18/2021,925000
2/19/2021,923000
2/20/2021,930000
2/21/2021,930000
2/22/2021,930000
2/23/2021,938000
2/24/2021,938000
2/25/2021,934000
2/26/2021,922000
2/27/2021,917000
2/28/2021,917000
3/1/2021,923000
3/2/2021,923000
3/3/2021,928000
3/4/2021,923000
3/5/2021,918000
3/6/2021,923000
3/7/2021,923000
3/8/2021,924000
3/9/2021,915000
3/10/2021,930000
3/11/2021,930000
3/12/2021,929000
3/13/2021,926000
3/15/2021,924000
3/16/2021,927000
3/17/2021,927000
3/18/2021,935000
3/19/2021,925000
3/20/2021,934000
3/21/2021,934000
3/22/2021,931000
3/23/2021,929000
3/24/2021,921000
3/25/2021,924000
3/26/2021,921000
3/27/2021,922000
3/28/2021,922000
3/29/2021,921000
3/30/2021,911000
3/31/2021,903000
4/1/2021,913000
4/2/2021,922000
4/3/2021,922000
4/4/2021,922000
4/5/2021,921000
4/6/2021,920000
4/7/2021,924000
4/8/2021,922000
4/9/2021,931000
4/10/2021,927000
4/11/2021,927000
4/12/2021,926000
4/13/2021,924000
4/14/2021,930000
4/15/2021,925000
4/16/2021,935000
4/17/2021,937000
4/18/2021,937000
4/19/2021,939000
4/20/2021,933000
4/21/2021,932000
4/22/2021,940000
4/23/2021,935000
4/24/2021,933000
4/25/2021,933000
4/26/2021,933000
4/27/2021,930000
4/28/2021,926000
4/29/2021,931000
4/30/2021,922000
5/1/2021,921000
5/2/2021,921000
5/3/2021,921000
5/4/2021,930000
5/5/2021,922000
5/6/2021,926000
5/7/2021,934000
5/8/2021,937000
5/10/2021,937000
5/11/2021,933000
5/17/2021,937000
5/18/2021,947000
5/19/2021,948000
5/20/2021,947000
5/21/2021,957000
5/22/2021,958000
5/23/2021,958000
5/24/2021,959000
5/25/2021,955000
5/27/2021,962000
5/28/2021,962000
5/29/2021,965000
5/30/2021,965000
5/31/2021,965000
6/2/2021,961000
6/3/2021,964000
6/4/2021,949000
6/5/2021,960000
6/6/2021,960000
6/7/2021,959000
6/8/2021,960000
6/9/2021,957000
6/10/2021,954000
6/11/2021,957000
6/12/2021,948000
6/13/2021,948000
6/14/2021,945000
6/15/2021,943000
6/16/2021,940000
6/17/2021,928000
6/18/2021,920000
6/19/2021,920000
6/20/2021,920000
6/21/2021,923000
6/22/2021,932000
6/23/2021,930000
6/24/2021,932000
6/25/2021,932000
6/26/2021,934000
6/27/2021,934000
6/28/2021,933000
6/29/2021,932000
6/30/2021,927000
7/1/2021,932000
7/2/2021,935000
7/3/2021,942000
7/4/2021,942000
7/5/2021,941000
7/6/2021,939000
7/7/2021,940000
7/8/2021,945000
7/9/2021,947000
7/10/2021,950000
7/12/2021,950000
7/13/2021,946000
7/14/2021,945000
7/15/2021,953000
7/16/2021,956000
7/17/2021,949000
7/19/2021,950000
7/21/2021,947000
7/22/2021,946000
7/23/2021,946000
7/24/2021,943000
7/26/2021,942000
7/27/2021,940000
7/28/2021,940000
7/29/2021,945000
7/30/2021,953000
7/31/2021,948000
8/2/2021,948000
8/3/2021,948000
8/4/2021,943000
8/5/2021,941000
8/6/2021,939000
8/7/2021,931000
8/9/2021,921000
8/10/2021,925000
8/12/2021,932000
8/13/2021,932000
8/14/2021,942000
8/16/2021,942000
8/18/2021,946000
8/19/2021,947000
8/20/2021,946000
8/21/2021,948000
8/23/2021,946000
8/24/2021,953000
8/25/2021,950000
8/26/2021,942000
8/27/2021,942000
8/28/2021,951000
8/29/2021,951000
8/30/2021,951000
8/31/2021,944000
9/1/2021,941000
9/2/2021,939000
9/3/2021,937000
9/4/2021,943000
9/5/2021,943000
9/6/2021,942000
9/7/2021,940000
9/8/2021,928000
9/9/2021,930000
9/10/2021,934000
9/11/2021,929000
9/12/2021,929000
9/13/2021,929000
9/14/2021,932000
9/15/2021,936000
9/16/2021,932000
9/17/2021,918000
9/18/2021,918000
9/19/2021,918000
9/20/2021,917000
9/21/2021,922000
9/22/2021,926000
9/23/2021,924000
9/24/2021,917000
9/25/2021,918000
9/26/2021,918000
9/27/2021,918000
9/28/2021,918000
9/29/2021,913000
9/30/2021,913000
10/1/2021,922000
10/2/2021,923000
10/3/2021,923000
10/4/2021,924000
10/5/2021,922000
10/6/2021,917000
10/7/2021,918000
10/8/2021,914000
10/9/2021,914000
10/10/2021,914000
10/11/2021,914000
10/12/2021,912000
10/13/2021,916000
10/14/2021,928000
10/15/2021,926000
10/16/2021,914000
10/17/2021,914000
10/18/2021,915000
10/19/2021,915000
10/20/2021,916000
10/21/2021,921000
10/22/2021,925000
10/23/2021,928000
10/24/2021,928000
10/25/2021,929000
10/26/2021,934000
10/27/2021,929000
10/28/2021,930000
10/29/2021,931000
10/30/2021,925000
10/31/2021,925000
11/1/2021,924000
11/2/2021,930000
11/3/2021,929000
11/4/2021,927000
11/5/2021,934000
11/6/2021,946000
11/7/2021,946000
11/8/2021,945000
11/9/2021,943000
11/10/2021,943000
11/11/2021,951000
11/12/2021,956000
11/13/2021,955000
11/14/2021,955000
11/15/2021,955000
11/16/2021,952000
11/17/2021,948000
11/18/2021,956000
11/19/2021,953000
11/20/2021,947000
11/21/2021,947000
11/22/2021,947000
11/23/2021,935000
11/24/2021,929000
11/25/2021,929000
11/26/2021,930000
11/27/2021,929000
11/28/2021,929000
11/29/2021,930000
11/30/2021,930000
12/1/2021,925000
12/2/2021,929000
12/3/2021,926000
12/4/2021,932000
12/5/2021,932000
12/6/2021,932000
12/7/2021,933000
12/8/2021,933000
12/9/2021,930000
12/10/2021,927000
12/11/2021,930000
12/12/2021,930000
12/13/2021,930000
12/14/2021,929000
12/15/2021,924000
12/16/2021,927000
12/17/2021,934000
12/18/2021,934000
12/19/2021,934000
12/20/2021,935000
12/21/2021,934000
12/22/2021,931000
12/23/2021,932000
12/24/2021,933000
12/27/2021,931000
12/28/2021,934000
12/29/2021,932000
12/30/2021,933000
12/31/2021,938000
1/3/2022,945000
1/4/2022,935000
1/5/2022,940000
1/6/2022,941000
1/7/2022,934000
1/8/2022,934000
1/9/2022,934000
1/10/2022,933000
1/11/2022,934000
1/12/2022,940000
1/13/2022,941000
1/14/2022,939000
1/15/2022,938000
1/16/2022,938000
1/17/2022,937000
1/18/2022,939000
1/19/2022,936000
1/20/2022,948000
1/21/2022,947000
1/22/2022,945000
1/23/2022,945000
1/24/2022,944000
1/25/2022,947000
1/26/2022,950000
1/27/2022,938000
1/28/2022,930000
1/29/2022,928000
1/30/2022,928000
1/31/2022,927000
2/1/2022,931000
2/2/2022,932000
2/3/2022,933000
2/4/2022,934000
2/5/2022,935000
2/6/2022,935000
2/7/2022,937000
2/7/2022,937000
2/8/2022,943000
2/9/2022,943000
2/10/2022,945000
2/11/2022,941000
2/12/2022,953000
2/13/2022,953000
2/14/2022,953000
2/15/2022,957000
2/16/2022,946000
2/17/2022,953000
2/18/2022,967000
2/19/2022,969000
2/20/2022,969000
2/21/2022,972000
2/22/2022,972000
2/23/2022,969000
2/24/2022,974000
2/24/2022,984000
2/24/2022,994000
2/25/2022,975000
2/26/2022,969000
2/27/2022,969000
2/28/2022,978000
3/1/2022,977000
3/2/2022,987000
3/3/2022,987000
3/4/2022,990000
3/5/2022,1005000
3/6/2022,1005000
3/7/2022,1013000
3/8/2022,1019000
3/9/2022,1036000
3/10/2022,1010000
3/11/2022,1010000
3/12/2022,1009000
3/13/2022,1009000
3/14/2022,1001000
3/15/2022,994000
3/16/2022,984000
3/17/2022,986000
3/18/2022,991000
3/19/2022,984000
3/20/2022,984000
3/21/2022,983000
3/22/2022,989000
3/23/2022,984000
3/24/2022,994000
3/25/2022,1000000
3/26/2022,999000
3/27/2022,999000
3/28/2022,999000
3/29/2022,985000
3/30/2022,983000
3/31/2022,987000
4/1/2022,989000
4/2/2022,985000
4/3/2022,985000
4/4/2022,985000
4/5/2022,988000
4/6/2022,983000
4/7/2022,984000
4/8/2022,988000
4/9/2022,994000
4/10/2022,994000
4/11/2022,993000
4/12/2022,997000
4/13/2022,1002000
4/14/2022,1006000
4/15/2022,1005000
4/16/2022,1005000
4/17/2022,1005000
4/18/2022,1010000
4/19/2022,1007000
4/20/2022,995000
4/21/2022,998000
4/22/2022,997000
4/23/2022,989000
4/24/2022,989000
4/25/2022,988000
4/26/2022,982000
4/27/2022,981000
4/28/2022,975000
5/9/2022,977000
5/10/2022,970000
5/11/2022,966000
5/12/2022,975000
5/13/2022,969000
5/14/2022,967000
5/15/2022,967000
5/16/2022,967000
5/17/2022,974000
5/18/2022,971000
5/19/2022,973000
5/20/2022,985000
5/21/2022,984000
5/22/2022,984000
5/23/2022,984000
5/24/2022,987000
5/25/2022,992000
5/26/2022,988000
5/27/2022,988000
5/28/2022,986000
5/29/2022,986000
5/30/2022,985000
5/31/2022,983000
6/1/2022,979000
6/2/2022,984000
6/3/2022,989000
6/4/2022,979000
6/5/2022,979000
6/6/2022,980000
6/7/2022,976000
6/8/2022,981000
6/9/2022,983000
6/10/2022,984000
6/11/2022,995000
6/12/2022,995000
6/13/2022,996000
6/14/2022,986000
6/15/2022,984000
6/16/2022,994000
6/17/2022,999000
6/18/2022,999000
6/19/2022,999000
6/20/2022,999000
6/21/2022,999000
6/22/2022,993000
6/23/2022,999000
6/24/2022,992000
6/25/2022,992000
6/26/2022,992000
6/27/2022,994000
6/28/2022,988000
6/29/2022,988000
6/30/2022,988000
7/1/2022,984000
7/2/2022,991000
7/3/2022,991000
7/4/2022,989000
7/5/2022,989000
7/6/2022,977000
7/7/2022,969000
7/8/2022,969000
7/9/2022,969000
7/11/2022,969000
7/12/2022,966000
7/13/2022,964000
7/14/2022,967000
7/15/2022,962000
7/16/2022,962000
7/17/2022,962000
7/18/2022,963000
7/19/2022,961000
7/20/2022,963000
7/21/2022,957000
7/22/2022,965000
7/23/2022,970000
7/24/2022,970000
7/25/2022,969000
7/26/2022,966000
7/27/2022,966000
7/28/2022,978000
7/29/2022,982000
7/30/2022,982000
7/31/2022,982000
8/1/2022,980000
8/2/2022,984000
8/3/2022,978000
8/4/2022,983000
8/5/2022,998000
8/6/2022,989000
8/7/2022,989000
8/8/2022,987000
8/9/2022,996000
8/10/2022,995000
8/11/2022,995000
8/12/2022,990000
8/13/2022,990000
8/14/2022,990000
8/15/2022,988000
8/16/2022,980000
8/17/2022,980000
8/18/2022,975000
8/19/2022,974000
8/20/2022,972000
8/21/2022,972000
8/22/2022,971000
8/23/2022,968000
8/24/2022,972000
8/25/2022,972000
8/26/2022,972000
8/27/2022,964000
8/28/2022,964000
8/29/2022,962000
8/30/2022,965000
8/31/2022,957000
9/1/2022,949000
9/2/2022,947000
9/3/2022,952000
9/4/2022,952000
9/5/2022,951000
9/6/2022,955000
9/7/2022,946000
9/8/2022,950000
9/9/2022,947000
9/10/2022,947000
9/11/2022,947000
9/12/2022,947000
9/13/2022,950000
9/14/2022,942000
9/15/2022,942000
9/16/2022,933000
9/17/2022,940000
9/18/2022,940000
9/19/2022,940000
9/20/2022,942000
9/21/2022,937000
9/22/2022,937000
9/23/2022,941000
9/24/2022,932000
9/25/2022,932000
9/26/2022,932000
9/27/2022,930000
9/28/2022,932000
9/29/2022,942000
9/30/2022,945000
10/1/2022,943000
10/2/2022,943000
10/3/2022,945000
10/4/2022,955000
10/5/2022,962000
10/6/2022,957000
10/7/2022,953000
10/8/2022,949000
10/9/2022,949000
10/10/2022,949000
10/11/2022,941000
10/12/2022,941000
10/13/2022,945000
10/14/2022,940000
10/15/2022,935000
10/16/2022,935000
10/17/2022,935000
10/18/2022,940000
10/19/2022,940000
10/20/2022,933000
10/21/2022,936000
10/22/2022,945000
10/23/2022,945000
10/24/2022,946000
10/25/2022,943000
10/26/2022,943000
10/27/2022,948000
10/28/2022,944000
10/29/2022,939000
10/30/2022,939000
10/31/2022,939000
11/1/2022,936000
11/2/2022,944000
11/3/2022,939000
11/4/2022,939000
11/5/2022,954000
11/6/2022,954000
11/7/2022,951000
11/8/2022,950000
11/9/2022,961000
11/10/2022,959000
11/11/2022,974000
11/12/2022,972000
11/13/2022,972000
11/14/2022,970000
11/15/2022,973000
11/16/2022,981000
11/17/2022,981000
11/18/2022,980000
11/19/2022,978000
11/20/2022,978000
11/21/2022,978000
11/22/2022,975000
11/23/2022,977000
11/24/2022,981000
11/25/2022,980000
11/26/2022,981000
11/27/2022,981000
11/28/2022,979000
11/29/2022,977000
11/30/2022,981000
12/1/2022,991000
12/2/2022,1004000
12/3/2022,998000
12/4/2022,998000
12/5/2022,999000
12/6/2022,984000
12/7/2022,984000
12/8/2022,999000
12/9/2022,1003000
12/10/2022,1007000
12/11/2022,1007000
12/12/2022,1005000
12/13/2022,998000
12/14/2022,1013000
12/15/2022,1013000
12/16/2022,1000000
12/17/2022,1008000
12/18/2022,1008000
12/19/2022,1007000
12/20/2022,1004000
12/21/2022,1016000
12/22/2022,1014000
12/23/2022,1004000
12/24/2022,1006000
12/25/2022,1006000
12/26/2022,1006000
12/27/2022,1008000
12/28/2022,1014000
12/29/2022,1012000
12/30/2022,1020000
12/31/2022,1026000
1/1/2023,1026000
1/2/2023,1026000
1/3/2023,1022000
1/4/2023,1024000
1/5/2023,1031000
1/6/2023,1022000
1/7/2023,1032000
1/8/2023,1032000
1/9/2023,1033000
1/10/2023,1035000
1/11/2023,1035000
1/12/2023,1035000
1/13/2023,1042000
1/14/2023,1043000
1/15/2023,1043000
1/16/2023,1042000
1/17/2023,1032000
1/18/2023,1022000
1/19/2023,1029000
1/20/2023,1039000
1/21/2023,1035000
1/22/2023,1035000
1/23/2023,1035000
1/24/2023,1037000
1/25/2023,1040000
1/26/2023,1035000
1/27/2023,1030000
1/28/2023,1029000
1/29/2023,1029000
1/30/2023,1029000
1/31/2023,1027000
2/1/2023,1029000
2/2/2023,1042000
2/3/2023,1029000
2/4/2023,1014000
2/5/2023,1014000
2/6/2023,1014000
2/7/2023,1017000
2/8/2023,1028000
2/9/2023,1033000
2/10/2023,1026000
2/11/2023,1028000
2/12/2023,1028000
2/13/2023,1027000
2/14/2023,1026000
2/15/2023,1029000
2/16/2023,1019000
2/17/2023,1019000
2/18/2023,1022000
2/19/2023,1022000
2/20/2023,1020000
2/21/2023,1023000
2/22/2023,1019000
2/23/2023,1015000
2/24/2023,1016000
2/25/2023,1012000
2/26/2023,1012000
3/1/2023,1021000
3/2/2023,1024000
3/3/2023,1025000
3/6/2023,1033000
3/7/2023,1032000
3/8/2023,1020000
3/9/2023,1024000
3/10/2023,1034000
3/11/2023,1049000
3/12/2023,1049000
3/13/2023,1054000
3/14/2023,1064000
3/15/2023,1054000
3/16/2023,1064000
3/17/2023,1063000
3/18/2023,1088000
3/19/2023,1088000
3/20/2023,1085000
3/21/2023,1084000
3/22/2023,1074000
3/23/2023,1087000
3/23/2023,1087000
3/24/2023,1096000
3/25/2023,1089000
3/26/2023,1089000
3/27/2023,1087000
3/28/2023,1077000
3/29/2023,1082000
3/30/2023,1072000
3/31/2023,1078000
4/1/2023,1072000
4/2/2023,1072000
4/3/2023,1068000
4/4/2023,1073000
4/5/2023,1083000
4/6/2023,1078000
4/7/2023,1074000
4/8/2023,1074000
4/9/2023,1074000
4/10/2023,1072000
4/11/2023,1069000
4/12/2023,1071000
4/13/2023,1075000
4/14/2023,1084000
4/15/2023,1067000
4/16/2023,1067000
4/17/2023,1066000
4/18/2023,1054000
4/26/2023,1062000
4/27/2023,1062000
4/28/2023,1062000
4/29/2023,1056000
4/30/2023,1056000
5/1/2023,1054000
5/2/2023,1053000
5/3/2023,1062000
5/4/2023,1077000
5/5/2023,1074000
5/6/2023,1059000
5/7/2023,1059000
5/8/2023,1059000
5/9/2023,1063000
5/10/2023,1072000
5/11/2023,1072000
5/12/2023,1064000
5/13/2023,1060000
5/14/2023,1060000
5/15/2023,1060000
5/16/2023,1064000
5/17/2023,1057000
5/18/2023,1055000
5/19/2023,1045000
5/20/2023,1056000
5/21/2023,1056000
5/22/2023,1056000
5/23/2023,1056000
5/23/2023,1056000
5/24/2023,1056000
5/25/2023,1048000
5/26/2023,1043000
5/27/2023,1048000
5/28/2023,1048000
5/29/2023,1047000
5/30/2023,1048000
5/31/2023,1056000
6/1/2023,1060000
6/2/2023,1065000
6/3/2023,1057000
6/4/2023,1057000
6/5/2023,1057000
6/6/2023,1065000
6/7/2023,1060000
6/8/2023,1052000
6/9/2023,1062000
6/10/2023,1062000
6/11/2023,1062000
6/12/2023,1062000
6/13/2023,1059000
6/14/2023,1053000
6/15/2023,1052000
6/16/2023,1061000
6/17/2023,1063000
6/18/2023,1063000
6/19/2023,1063000
6/20/2023,1061000
6/21/2023,1057000
6/22/2023,1058000
6/23/2023,1048000
6/24/2023,1047000
6/25/2023,1047000
6/26/2023,1050000
6/27/2023,1053000
6/28/2023,1052000
6/29/2023,1049000
6/30/2023,1049000
6/30/2023,1049000
7/2/2023,1049000
7/3/2023,1054000
7/3/2023,1054000
7/4/2023,1054000
7/5/2023,1058000
7/6/2023,1053000
7/7/2023,1050000
7/8/2023,1059000
7/9/2023,1059000
7/10/2023,1059000
7/11/2023,1064000
7/12/2023,1071000
7/13/2023,1082000
7/14/2023,1080000
7/14/2023,1080000
7/15/2023,1074000
7/16/2023,1074000
7/17/2023,1073000
7/18/2023,1072000
7/19/2023,1080000
7/20/2023,1080000
7/21/2023,1077000
7/22/2023,1072000
7/23/2023,1072000
7/24/2023,1072000
7/25/2023,1071000
7/26/2023,1075000
7/27/2023,1076000
7/28/2023,1068000
7/29/2023,1071000
7/30/2023,1071000
7/31/2023,1071000
8/1/2023,1078000
8/2/2023,1071000
8/3/2023,1067000
8/4/2023,1069000
8/5/2023,1074000
8/6/2023,1074000
8/7/2023,1074000
8/8/2023,1070000
8/9/2023,1066000
8/10/2023,1064000
8/11/2023,1062000
8/12/2023,1062000
8/13/2023,1062000
8/14/2023,1061000
8/15/2023,1060000
8/16/2023,1063000
8/17/2023,1060000
8/18/2023,1060000
8/19/2023,1057000
8/20/2023,1057000
8/21/2023,1057000
8/22/2023,1058000
8/23/2023,1062000
8/24/2023,1069000
8/25/2023,1069000
8/26/2023,1065000
8/27/2023,1065000
8/28/2023,1065000
8/29/2023,1070000
8/30/2023,1077000
8/31/2023,1079000
9/1/2023,1076000
9/2/2023,1076000
9/3/2023,1076000
9/4/2023,1076000
9/5/2023,1075000
9/6/2023,1069000
9/7/2023,1064000
9/8/2023,1068000
9/9/2023,1069000
9/10/2023,1069000
9/11/2023,1070000
9/12/2023,1071000
9/13/2023,1068000
9/14/2023,1066000
9/15/2023,1068000
9/16/2023,1075000
9/17/2023,1075000
9/18/2023,1075000
9/19/2023,1081000
9/20/2023,1080000
9/21/2023,1080000
9/22/2023,1077000
9/23/2023,1079000
9/24/2023,1079000
9/25/2023,1078000
9/26/2023,1072000
9/27/2023,1066000
9/28/2023,1058000
9/29/2023,1053000
9/30/2023,1049000
10/1/2023,1049000
10/2/2023,1049000
10/3/2023,1039000
10/4/2023,1040000
10/5/2023,1043000
10/6/2023,1043000
10/7/2023,1047000
10/8/2023,1047000
10/9/2023,1053000
10/10/2023,1062000
10/11/2023,1063000
10/12/2023,1072000
10/13/2023,1072000
10/14/2023,1088000
10/15/2023,1088000
10/16/2023,1087000
10/17/2023,1085000
10/18/2023,1088000
10/19/2023,1100000
10/20/2023,1112000
10/21/2023,1121000
10/22/2023,1121000
10/23/2023,1117000
10/24/2023,1119000
10/25/2023,1123000
10/26/2023,1125000
10/27/2023,1123000
10/28/2023,1136000
10/29/2023,1136000
10/30/2023,1135000
10/31/2023,1131000
11/1/2023,1123000
11/2/2023,1123000
11/3/2023,1126000
11/4/2023,1125000
11/5/2023,1125000
11/6/2023,1123000
11/7/2023,1111000
11/8/2023,1094000
11/9/2023,1087000
11/10/2023,1092000
11/11/2023,1084000
11/12/2023,1084000
11/13/2023,1084000
11/14/2023,1089000
11/15/2023,1097000
11/16/2023,1096000
11/17/2023,1095000
11/18/2023,1100000
11/19/2023,1100000
11/20/2023,1097000
11/21/2023,1095000
11/22/2023,1097000
11/23/2023,1095000
11/24/2023,1105000
11/25/2023,1110000
11/26/2023,1110000
11/27/2023,1110000
11/28/2023,1115000
11/29/2023,1124000
11/30/2023,1120000
12/1/2023,1115000
12/2/2023,1130000
12/3/2023,1130000
12/4/2023,1145000
12/5/2023,1122000
12/6/2023,1110000
12/7/2023,1116000
12/8/2023,1116000
12/9/2023,1107000
12/10/2023,1107000
12/11/2023,1107000
12/12/2023,1093000
12/13/2023,1100000
12/14/2023,1125000
12/15/2023,1126000
12/16/2023,1114000
12/17/2023,1114000
12/18/2023,1114000
12/19/2023,1118000
12/20/2023,1125000
12/21/2023,1121000
12/22/2023,1128000
12/23/2023,1132000
12/24/2023,1132000
12/25/2023,1132000
12/26/2023,1132000
12/27/2023,1137000
12/28/2023,1141000
12/29/2023,1130000
1/2/2024,1129000
1/3/2024,1129000
1/4/2024,1123000
1/5/2024,1125000
1/6/2024,1128000
1/7/2024,1128000
1/8/2024,1128000
1/9/2024,1121000
1/10/2024,1121000
1/11/2024,1119000
1/12/2024,1124000
1/13/2024,1131000
1/14/2024,1131000
1/15/2024,1130000
1/16/2024,1134000
1/17/2024,1121000
1/18/2024,1115000
1/19/2024,1125000
1/20/2024,1128000
1/21/2024,1128000
1/22/2024,1127000
1/23/2024,1125000
1/24/2024,1128000
1/25/2024,1124000
1/26/2024,1130000
1/27/2024,1132000
1/28/2024,1132000
1/29/2024,1133000
1/30/2024,1142000
1/31/2024,1144000
2/1/2024,1143000
2/2/2024,1151000
2/3/2024,1142000
2/4/2024,1142000
2/5/2024,1140000
2/6/2024,1130000
2/7/2024,1136000
2/8/2024,1139000
2/9/2024,1138000
2/10/2024,1135000
2/11/2024,1135000
2/12/2024,1135000
2/13/2024,1129000
2/14/2024,1114000
2/15/2024,1115000
2/16/2024,1118000
2/17/2024,1124000
2/18/2024,1124000
2/19/2024,1125000
2/20/2024,1128000
2/21/2024,1131000
2/22/2024,1133000
2/23/2024,1133000
2/24/2024,1136000
2/25/2024,1136000
2/26/2024,1135000
2/27/2024,1132000
2/28/2024,1134000
2/29/2024,1138000
3/1/2024,1142000
3/2/2024,1164000
3/3/2024,1164000
3/4/2024,1164000
3/5/2024,1179000
3/6/2024,1186000
3/7/2024,1199000
3/8/2024,1204000
3/9/2024,1208000
3/10/2024,1208000
3/11/2024,1208000
3/12/2024,1210000
3/13/2024,1200000
3/14/2024,1203000
3/15/2024,1194000
3/16/2024,1193000
3/17/2024,1193000
3/18/2024,1193000
3/19/2024,1199000
3/20/2024,1199000
3/21/2024,1219000
3/22/2024,1211000
3/23/2024,1203000
3/24/2024,1203000
3/25/2024,1203000
3/26/2024,1213000
3/27/2024,1217000
3/28/2024,1222000
3/29/2024,1249000
3/30/2024,1249000
3/31/2024,1249000
4/1/2024,1254000
4/2/2024,1256000
4/3/2024,1274000
4/4/2024,1283000
4/5/2024,1279000
4/6/2024,1299000
4/7/2024,1299000
4/8/2024,1289000
4/9/2024,1306000
4/12/2024,1324000
4/13/2024,1310000
4/14/2024,1310000
4/15/2024,1315000
4/16/2024,1321000
4/17/2024,1321000
4/18/2024,1335000
4/19/2024,1345000
4/20/2024,1347000
4/21/2024,1347000
4/22/2024,1343000
4/23/2024,1325000
4/24/2024,1320000
4/25/2024,1319000
4/26/2024,1319000
4/27/2024,1326000
4/28/2024,1326000
4/29/2024,1325000
4/30/2024,1325000
5/1/2024,1310000
5/2/2024,1327000
5/3/2024,1318000
5/4/2024,1313000
5/5/2024,1313000
5/6/2024,1310000
5/7/2024,1318000
5/8/2024,1308000
5/9/2024,1306000
5/10/2024,1326000
5/11/2024,1333000
5/12/2024,1333000
5/13/2024,1333000
5/14/2024,1324000
5/15/2024,1332000
5/16/2024,1354000
5/17/2024,1343000
5/18/2024,1350000
5/19/2024,1350000
5/20/2024,1350000
5/20/2024,1363000
5/21/2024,1358000
5/22/2024,1357000
5/23/2024,1345000
5/24/2024,1325000
5/25/2024,1325000
5/26/2024,1325000
5/27/2024,1327000
5/28/2024,1333000
5/29/2024,1338000
5/30/2024,1329000
5/31/2024,1337000
6/1/2024,1336000
6/2/2024,1336000
6/3/2024,1335000
6/4/2024,1349000
6/5/2024,1336000
6/6/2024,1349000
6/7/2024,1366000
6/8/2024,1328000
6/9/2024,1328000
6/10/2024,1329000
6/11/2024,1330000
6/12/2024,1338000
6/13/2024,1341000
6/14/2024,1333000
6/15/2024,1347000
6/16/2024,1347000
6/17/2024,1344000
6/18/2024,1342000
6/19/2024,1349000
6/20/2024,1355000
6/21/2024,1371000
6/22/2024,1357000
6/23/2024,1357000
6/24/2024,1360000
6/25/2024,1368000
6/26/2024,1361000
6/27/2024,1350000
6/28/2024,1360000
6/29/2024,1365000
6/30/2024,1365000
7/1/2024,1363000
7/2/2024,1368000
7/3/2024,1365000
7/4/2024,1378000
7/5/2024,1383000
7/6/2024,1395000
7/7/2024,1395000
7/8/2024,1396000
7/9/2024,1389000
7/10/2024,1380000
7/11/2024,1386000
7/12/2024,1399000
7/13/2024,1400000
7/14/2024,1400000
7/15/2024,1399000
7/16/2024,1403000
7/17/2024,1420000
7/18/2024,1427000
7/19/2024,1419000
7/20/2024,1404000
7/21/2024,1404000
7/22/2024,1404000
7/23/2024,1404000
7/24/2024,1406000
7/25/2024,1400000
7/26/2024,1386000
7/27/2024,1396000
7/28/2024,1396000
7/29/2024,1402000
7/30/2024,1400000
7/31/2024,1412000
8/1/2024,1433000
8/2/2024,1431000
8/3/2024,1428000
8/4/2024,1428000
8/5/2024,1420000
8/6/2024,1413000
8/7/2024,1399000
8/8/2024,1399000
8/9/2024,1409000
8/10/2024,1401000
8/11/2024,1401000
8/12/2024,1401000
8/13/2024,1419000
8/14/2024,1419000
8/15/2024,1414000
8/16/2024,1404000
8/17/2024,1418000
8/18/2024,1418000
8/19/2024,1418000
8/20/2024,1419000
8/21/2024,1415000
8/22/2024,1410000
8/23/2024,1398000
8/23/2024,1411000
8/24/2024,1420000
8/25/2024,1420000
8/26/2024,1420000
8/27/2024,1420000
8/28/2024,1410000
8/29/2024,1412000
8/30/2024,1413000
8/31/2024,1401000
9/1/2024,1401000
9/2/2024,1401000
9/3/2024,1404000
9/4/2024,1406000
9/5/2024,1409000
9/6/2024,1414000
9/7/2024,1405000
9/8/2024,1405000
9/9/2024,1398000
9/10/2024,1399000
9/11/2024,1411000
9/12/2024,1409000
9/13/2024,1429000
9/14/2024,1439000
9/15/2024,1439000
9/16/2024,1443000
9/17/2024,1444000
9/18/2024,1440000
9/19/2024,1430000
9/20/2024,1443000
9/21/2024,1455000
9/22/2024,1455000
9/23/2024,1455000
9/24/2024,1443000
9/25/2024,1463000
9/26/2024,1461000
9/27/2024,1461000
9/28/2024,1461000
9/29/2024,1461000
9/30/2024,1464000
10/1/2024,1452000
10/2/2024,1464000
10/3/2024,1469000
10/4/2024,1471000
10/5/2024,1482000
10/6/2024,1482000
10/7/2024,1478000
10/8/2024,1481000
10/8/2024,1491000
10/9/2024,1483000
10/10/2024,1473000
10/11/2024,1481000
10/12/2024,1495000
10/13/2024,1495000
10/14/2024,1490000
10/15/2024,1488000
10/16/2024,1491000
10/17/2024,1496000
10/18/2024,1503000
10/19/2024,1514000
10/20/2024,1514000
10/21/2024,1514000
10/22/2024,1510000
10/23/2024,1521000
10/24/2024,1515000
10/24/2024,1529000
10/24/2024,1515000
10/24/2024,1529000
10/25/2024,1529000
10/26/2024,1534000
10/27/2024,1534000
10/28/2024,1527000
10/29/2024,1535000
10/29/2024,1548000
10/29/2024,1535000
10/29/2024,1548000
10/30/2024,1560000
10/31/2024,1567000
11/1/2024,1547000
11/2/2024,1539000
11/3/2024,1539000
11/4/2024,1539000
11/5/2024,1539000
11/6/2024,1543000
11/7/2024,1513000
11/8/2024,1527000
11/9/2024,1517000
11/10/2024,1517000
11/11/2024,1517000
11/12/2024,1482000
11/13/2024,1477000
11/14/2024,1466000
11/15/2024,1470000
11/16/2024,1468000
11/17/2024,1468000
11/18/2024,1476000
11/19/2024,1491000
11/20/2024,1498000
11/21/2024,1508000
11/22/2024,1520000
11/23/2024,1541000
11/24/2024,1541000
11/25/2024,1539000
11/26/2024,1499000
11/27/2024,1504000
11/28/2024,1513000
11/29/2024,1508000
11/30/2024,1514000
12/1/2024,1514000
12/2/2024,1509000
12/3/2024,1514000
12/4/2024,1513000
12/5/2024,1522000
12/6/2024,1514000
12/7/2024,1508000
12/8/2024,1508000
12/9/2024,1503000
12/10/2024,1517000
12/11/2024,1534000
12/12/2024,1548000
12/13/2024,1531000
12/14/2024,1517000
12/15/2024,1517000
12/16/2024,1517000
12/17/2024,1520000
12/18/2024,1520000
12/19/2024,1505000
12/20/2024,1515000
12/21/2024,1533000
12/22/2024,1533000
12/23/2024,1533000
12/24/2024,1520000
12/25/2024,1520000
12/26/2024,1520000
12/27/2024,1528000
12/28/2024,1526000
12/29/2024,1526000
12/30/2024,1528000
12/31/2024,1515000
1/2/2025,1524000
1/3/2025,1543000
1/4/2025,1539000
1/5/2025,1539000
1/6/2025,1539000
1/7/2025,1535000
1/8/2025,1541000
1/9/2025,1546000
1/10/2025,1555000
1/11/2025,1568000
1/12/2025,1568000
1/13/2025,1568000
1/14/2025,1560000
1/15/2025,1564000
1/16/2025,1577000
1/17/2025,1594000
1/18/2025,1587000
1/19/2025,1587000
1/20/2025,1585000
1/21/2025,1591000
1/22/205,1606000
1/23/2025,1607000
1/24/2025,1608000
1/25/2025,1611000
1/26/2025,1611000
1/27/2025,1609000
1/28/2025,1597000
1/29/2025,1607000
1/30/2025,1606000
1/31/2025,1620000
2/1/2025,1624000
2/2/2025,1624000
2/3/2025,1621000
2/4/2025,1650000
2/5/2025,1663000
2/6/2025,1670000
2/7/2025,1660000
2/8/2025,1662000
2/9/2025,1662000
2/10/2025,1667000
2/11/2025,1692000
2/12/2025,1684000
2/13/2025,1692000
2/14/2025,1701000
2/15/2025,1678000
2/16/2025,1678000
2/17/2025,1671000
2/18/2025,1679000
2/19/2025,1691000
2/20/2025,1708000
2/21/2025,1707000
2/22/2025,1704000
2/23/2025,1704000
2/24/2025,1705000
2/25/2025,1707000
2/26/2025,1694000
2/27/2025,1692000
2/28/2025,1678000
3/1/2025,1672000
3/2/2025,1672000
3/3/2025,1679000
3/4/2025,1704000
3/5/2025,1709000
3/6/2025,1706000
3/7/2025,1690000
3/8/2025,1690000
3/9/2025,1690000
3/10/2025,1693000
3/11/2025,1679000
3/12/2025,1702000
3/13/2025,1714000
3/14/2025,1742000
3/15/2025,1739000
3/16/2025,1739000
3/17/2025,1741000
3/18/2025,1745000
3/19/2025,1759000
3/20/2025,1774000
3/21/2025,1779000
3/22/2025,1764000
3/23/2025,1764000
3/24/2025,1765000
3/25/2025,1759000
3/26/2025,1769000
3/27/2025,1776000
3/28/2025,1792000
3/29/2025,1806000
3/30/2025,1806000
4/1/2025,1826000
4/2/2025,1819000
4/3/2025,1836000
4/4/2025,1819000
4/5/2025,1781000
4/6/2025,1781000
4/7/2025,1758000
4/8/2025,1754000
4/9/2025,1812000
4/10/2025,1846000
4/11/2025,1889000
4/12/2025,1904000
4/13/2025,1904000
4/14/2025,1896000
4/15/2025,1896000
4/16/2025,1943000
4/17/2025,1975000
4/18/2025,1965000
4/19/2025,1965000
4/20/2025,1965000
4/21/2025,1980000
4/22/2025,2039000
4/23/2025,1991000
4/24/2025,1969000
4/25/2025,1986000
4/26/2025,1965000
4/27/2025,1965000
4/28/2025,1960000
4/29/2025,1966000
4/30/2025,1965000
5/1/2025,1932000
5/2/2025,1912000
5/3/2025,1902000
5/4/2025,1902000
5/5/2025,1905000
5/6/2025,1931000
5/7/2025,1956000
5/8/2025,1953000
5/9/2025,1926000
5/10/2025,1928000
5/11/2025,1928000
5/12/2025,1905000
5/13/2025,1884000
5/14/2025,1886000
5/15/2025,1866000
5/16/2025,1891000
5/17/2025,1871000
5/18/2025,1871000
5/19/2025,1894000
5/20/2025,1871000
5/21/2025,1915000
5/22/2025,1923000
5/23/2025,1910000
5/24/2025,1930000
5/25/2025,1930000
5/26/2025,1919000
5/27/2025,1923000
5/28/2025,1895000
5/29/2025,1874000
5/30/2025,1900000
5/31/2025,1888000
6/1/2025,1888000
6/2/2025,1905000
6/3/2025,1940000
6/4/2025,1924000
6/5/2025,1938000
6/6/2025,1929000
6/7/2025,1904000
6/8/2025,1904000
6/9/2025,1904000
6/10/2025,1909000
6/11/2025,1910000
6/12/2025,1928000
6/13/2025,1951000
6/14/2025,1960000
6/15/2025,1960000
6/16/2025,1968000
6/17/2025,1950000
6/18/2025,1943000
6/19/2025,1937000
6/20/2025,1936000
6/21/2025,1942000
6/22/2025,1942000
6/23/2025,1942000
6/24/2025,1932000
6/25/2025,1932000
6/26/2025,1924000
6/27/2025,1907000
6/28/2025,1884000
6/29/2025,1884000
6/30/2025,1880000
7/1/2025,1896000
7/3/2025,1991000
7/4/2025,1907000
7/5/2025,1908000
7/7/2025,1901000
7/8/2025,1906000
7/9/2025,1894000
7/10/2025,1902000
7/11/2025,1906000
7/12/2025,1919000
7/14/2025,1924000
7/15/2025,1914000
7/16/2025,1908000
7/17/2025,1919000
7/18/2025,1917000
7/19/2025,1927000
7/21/2025,1927000
7/22/2025,1946000
7/23/2025,1970000
7/24/2025,1945000
7/25/2025,1934000
7/26/2025,1915000
7/28/2025,1914000
7/29/2025,1906000
7/30/2025,1918000
7/31/2025,1901000
8/1/2025,1901000
8/2/2025,1948000
8/4/2025,1946000
8/5/2025,1959000
8/6/2025,1950000
8/7/2025,1943000
8/8/2025,1959000
8/9/2025,1951000
8/11/2025,1945000
8/12/2025,1924000
8/13/2025,1917000
8/14/2025,1933000
8/15/2025,1909000
8/16/2025,1896000
8/18/2025,1894000
8/19/2025,1897000
8/20/2025,1890000
8/21/2025,1914000
8/22/2025,1916000
8/23/2025,1933000
8/25/2025,1929000
8/26/2025,1932000
8/27/2025,1940000
8/28/2025,1944000
8/29/2025,1964000
8/30/2025,1980000
9/1/2025,2011000
9/2/2025,2009000
9/3/2025,2035000
9/4/2025,2044000
9/5/2025,2042000
9/6/2025,2060000
9/8/2025,2060000
9/9/2025,2086000
9/10/2025,2074000
9/11/2025,2095000
9/12/2025,2088000
9/13/2025,2095000
9/15/2025,2093000
9/16/2025,2105000
9/17/2025,2115000
9/18/2025,2098000
9/19/2025,2090000
9/20/2025,2122000
9/22/2025,2123000
9/23/2025,2164000
9/24/2025,2174000
9/25/2025,2171000
9/26/2025,2175000
9/27/2025,2191000
9/29/2025,2222000
9/30/2025,2234000
10/1/2025,2237000
10/2/2025,2235000
10/3/2025,2235000
10/4/2025,2239000
10/6/2025,2250000
10/7/2025,2284000
10/8/2025,2296000
10/9/2025,2303000
10/10/2025,2294000
10/11/2025,2299000
10/13/2025,2331000
10/14/2025,2360000
10/15/2025,2383000
10/16/2025,2407000
10/17/2025,2485000
10/18/2025,2428000
10/20/2025,2415000
10/21/2025,2487000
10/22/2025,2337000
10/23/2025,2321000
10/24/2025,2354000
10/25/2025,2350000
10/27/2025,2327000
10/28/2025,2282000
10/29/2025,2267000
10/30/2025,2263000
10/31/2025,2305000
11/1/2025,2290000
11/3/2025,2278000
11/4/2025,2286000
11/5/2025,2260000
11/6/2025,2287000
11/7/2025,2296000
11/8/2025,2299000
11/10/2025,2333000
11/11/2025,2360000
11/12/2025,2367000
11/13/2025,2396000
11/14/2025,2398000
11/15/2025,2348000
11/17/2025,2351000
11/18/2025,2322000
11/19/2025,2343000
11/20/2025,2364000
11/21/2025,2348000
11/22/2025,2341000
11/24/2025,2340000
11/25/2025,2380000
11/26/2025,2378000
11/27/2025,2387000
11/28/2025,2382000
11/29/2025,2413000
12/1/2025,2415000
12/2/2025,2425000
12/3/2025,2412000
12/4/2025,2406000
12/5/2025,2407000
12/6/2025,2404000
12/8/2025,2409000
12/9/2025,2403000
12/10/2025,2416000
12/11/2025,2431000
12/12/2025,2453000
12/13/2025,2462000
12/15/2025,2464000
12/16/2025,2464000
12/17/2025,2470000
12/18/2025,2487000
12/19/2025,2483000
12/20/2025,2491000
12/22/2025,2502000
12/23/2025,2561000
12/24/2025,2590000
12/25/2025,2576000
12/26/2025,2589000
12/27/2025,2605000
12/29/2025,2596000
12/30/2025,2501000
12/31/2025,2501000
1/1/2026,2488000
1/2/2026,2504000
1/3/2026,2488000
1/5/2026,2515000
1/6/2026,2549000
1/7/2026,2584000
1/8/2026,2570000
1/9/2026,2577000
1/10/2026,2602000
1/12/2026,2631000
1/13/2026,2652000
1/14/2026,2665000
1/15/2026,2675000
1/16/2026,2669000
1/17/2026,2663000
1/19/2026,2703000
1/20/2026,2737000
1/21/2026,2805000
1/22/2026,2790000
1/23/2026,2880000
1/24/2026,2887000
1/26/2026,2917000
1/27/2026,2916000
1/28/2026,3003000
1/29/2026,3168000
1/30/2026,3120000
1/31/2026,2860000
2/2/2026,3027000
2/3/2026,2844000
2/4/2026,2973000
2/5/2026,2956000
2/6/2026,2890000
2/7/2026,2920000
2/9/2026,2940000
2/10/2026,2954000
2/11/2026,2947000
2/12/2026,2947000
2/13/2026,2904000
2/14/2026,2954000
2/16/2026,2940000
2/17/2026,2918000
2/18/2026,2912000
2/19/2026,2916000
2/20/2026,2944000
2/21/2026,3012000
2/23/2026,3028000
2/24/2026,3068000
2/25/2026,3023000
2/26/2026,3039000
2/27/2026,3045000
2/28/2026,3085000
3/2/2026,3135000
3/3/2026,3122000
3/4/2026,3045000
3/5/2026,3049000
3/6/2026,3024000
3/7/2026,3059000
3/9/2026,3039000
3/10/2026,3047000
3/11/2026,3087000
3/12/2026,3042000
3/13/2026,3021000
3/14/2026,2997000
3/16/2026,2992000
3/17/2026,2988000
3/18/2026,2996000
3/19/2026,2943000
3/20/2026,2893000
3/21/2026,2893000
3/22/2026,2893000
3/23/2026,2843000
3/24/2026,2843000
3/25/2026,2850000
3/26/2026,2850000
3/27/2026,2810000
3/28/2026,2837000
3/29/2026,2837000
3/30/2026,2837000
3/31/2026,2827000
4/1/2026,2902000
4/2/2026,2922000
4/3/2026,2857000
4/4/2026,2857000
4/5/2026,2857000
4/6/2026,2831000
4/7/2026,2850000
4/8/2026,2900000
4/9/2026,2850000
4/10/2026,2857000
4/11/2026,2860000
4/12/2026,2860000
4/13/2026,2818000
4/14/2026,2863000
4/15/2026,2893000
4/16/2026,2888000
4/17/2026,2868000
4/18/2026,2884000
4/19/2026,2884000
4/20/2026,2840000
4/21/2026,2880000
4/22/2026,2830000
4/23/2026,2805000
4/24/2026,2805000
4/25/2026,2825000
4/26/2026,2825000
4/27/2026,2809000
4/28/2026,2814000
4/29/2026,2784000
4/30/2026,2769000
5/1/2026,2799000
5/2/2026,2796000
5/3/2026,2796000
5/4/2026,2795000
5/5/2026,2760000
5/6/2026,2823000
5/7/2026,2840000
5/8/2026,2839000
5/9/2026,2839000
5/10/2026,2839000
5/11/2026,2819000
5/12/2026,2859000
5/13/2026,2839000
5/14/2026,2839000
5/15/2026,2819000
5/16/2026,2769000
5/17/2026,2769000
5/18/2026,2764000
5/19/2026,2789000
5/20/2026,2765000
5/21/2026,2800000
5/22/2026,2788000
5/23/2026,2773000
5/24/2026,2773000
5/25/2026,2803000
5/26/2026,2798000
5/27/2026,2785000
5/28/2026,2754000
5/29/2026,2774000
5/30/2026,2799000
5/31/2026,2799000
6/1/2026,2799000
6/2/2026,2774000
6/3/2026,2774000
6/4/2026,2759000
6/5/2026,2770000
6/6/2026,2738000
6/7/2026,2738000
6/8/2026,2743000
6/9/2026,2733000
6/10/2026,2713000
6/11/2026,2689000
6/12/2026,2709000
6/13/2026,2711000
6/14/2026,2711000
6/15/2026,2729000
